CASE_ID,ACCIDENT_YEAR,PROC_DATE,JURIS,COLLISION_DATE,COLLISION_TIME,OFFICER_ID,REPORTING_DISTRICT,DAY_OF_WEEK,CHP_SHIFT,POPULATION,CNTY_CITY_LOC,SPECIAL_COND,BEAT_TYPE,CHP_BEAT_TYPE,CITY_DIVISION_LAPD,CHP_BEAT_CLASS,BEAT_NUMBER,PRIMARY_RD,SECONDARY_RD,DISTANCE,DIRECTION,INTERSECTION,WEATHER_1,WEATHER_2,STATE_HWY_IND,CALTRANS_COUNTY,CALTRANS_DISTRICT,STATE_ROUTE,ROUTE_SUFFIX,POSTMILE_PREFIX,POSTMILE,LOCATION_TYPE,RAMP_INTERSECTION,SIDE_OF_HWY,TOW_AWAY,COLLISION_SEVERITY,NUMBER_KILLED,NUMBER_INJURED,PARTY_COUNT,PRIMARY_COLL_FACTOR,PCF_CODE_OF_VIOL,PCF_VIOL_CATEGORY,PCF_VIOLATION,PCF_VIOL_SUBSECTION,HIT_AND_RUN,TYPE_OF_COLLISION,MVIW,PED_ACTION,ROAD_SURFACE,ROAD_COND_1,ROAD_COND_2,LIGHTING,CONTROL_DEVICE,CHP_ROAD_TYPE,PEDESTRIAN_ACCIDENT,BICYCLE_ACCIDENT,MOTORCYCLE_ACCIDENT,TRUCK_ACCIDENT,NOT_PRIVATE_PROPERTY,ALCOHOL_INVOLVED,STWD_VEHTYPE_AT_FAULT,CHP_VEHTYPE_AT_FAULT,COUNT_SEVERE_INJ,COUNT_VISIBLE_INJ,COUNT_COMPLAINT_PAIN,COUNT_PED_KILLED,COUNT_PED_INJURED,COUNT_BICYCLIST_KILLED,COUNT_BICYCLIST_INJURED,COUNT_MC_KILLED,COUNT_MC_INJURED,PRIMARY_RAMP,SECONDARY_RAMP,LATITUDE,LONGITUDE,COUNTY,CITY,POINT_X,POINT_Y
6642983,2014,2014-11-14,9165,2014-10-04,1315,016297,,6,1,9,3200,0,3,5,,2,002,"LA PORTE RD","HAUNS DR",12672.00,S,N,A,-,N,,,,,,,,,,Y,2,0,1,1,A,-,03,22350,,N,E,I,A,A,H,-,A,D,0,,,Y,,Y,,C,02,1,0,0,0,0,0,0,0,1,"- ","- ",,,PLUMAS,UNINCORPORATED,-120.85893631,39.856490489999999
6642987,2014,2014-11-14,9165,2014-10-04,1405,016297,,6,2,9,3200,0,3,5,,2,001,"MANSELL ST","3RD ST",0.00,,Y,A,-,N,,,,,,,,,,N,4,0,1,2,A,-,09,21800,B,N,D,C,A,A,H,-,A,D,0,,,,,Y,,A,07,0,0,1,0,0,0,0,0,0,"- ","- ",,,PLUMAS,UNINCORPORATED,-120.89653998,39.928779939999998
6643759,2014,2015-01-15,9165,2014-11-15,1230,16297,,6,1,9,3200,0,3,5,,2,001,"QUINCY JUNCTION RD","CLEAR CREEK RD",528.00,N,N,B,-,N,,,,,,,,,,N,3,0,1,2,A,-,06,21759,,N,H,H,A,A,H,-,A,D,0,,,,,Y,,D,22,0,1,0,0,0,0,0,0,0,"- ","- ",,,PLUMAS,UNINCORPORATED,-120.90772335,39.958858399999997
6645068,2014,2014-10-13,9165,2014-09-27,1810,016297,,6,2,9,3200,0,3,5,,2,002,"USFS RD 25N14","MOUNT HOUGH CRYSTAL LAKE RD",3696.00,E,N,B,C,N,,,,,,,,,,Y,3,0,2,2,A,-,01,23152,A,N,A,C,A,B,H,-,B,D,0,,,,,Y,Y,A,07,0,2,0,0,0,0,0,0,0,"- ","- ",,,PLUMAS,UNINCORPORATED,-120.86392701,39.974583709999997
6645119,2014,2016-04-28,9165,2014-09-21,1234,19392,,7,1,9,3200,0,1,3,,2,010,"RT 70","LAWRENCE ST",2112.00,W,N,B,-,Y,PLU,2,70,-,-,42.540,H,-,W,Y,3,0,1,1,A,-,08,22107,,N,E,I,A,A,H,-,A,D,0,,,,,Y,,D,22,0,1,0,0,0,0,0,0,0,"- ","- ",,,PLUMAS,UNINCORPORATED,-120.95540947000001,39.944349359999997
6646219,2014,2016-04-28,9165,2014-09-20,0040,16297,,6,3,9,3200,0,1,3,,2,030,"RT 70","STORRIE RD",11616.00,W,N,A,-,Y,PLU,2,70,-,-,3.160,H,-,W,Y,2,0,1,1,A,-,01,23152,A,N,E,I,A,A,H,-,D,D,0,,,,,Y,Y,A,07,1,0,0,0,0,0,0,0,0,"- ","- ",,,PLUMAS,UNINCORPORATED,-121.35887056,39.900743159999998
6646223,2014,2014-10-13,9165,2014-09-23,0030,15529,,2,3,9,3200,0,3,5,,2,002,"BUCKS LAKE RD","SNAKE LAKE RD",2550.00,W,N,A,-,N,,,,,,,,,,Y,3,0,1,1,A,-,08,22107,,M,E,I,A,A,H,-,D,D,0,,,,,Y,Y,A,01,0,1,0,0,0,0,0,0,0,"- ","- ",,,PLUMAS,UNINCORPORATED,-121.04527079,39.947204399999997
6682675,2014,2016-06-13,9165,2014-10-20,1530,019282,,1,2,9,3200,0,1,3,,2,011,"RT 70","HARBISON ST",15.00,W,N,A,-,Y,PLU,2,70,-,R,43.270,H,-,E,N,4,0,2,2,A,-,03,22350,,N,C,C,A,A,H,-,A,D,1,,,,,Y,,A,01,0,0,2,0,0,0,0,0,0,"- ","- ",,,PLUMAS,UNINCORPORATED,-120.94694975,39.93672523
6708452,2014,2016-06-14,9165,2014-11-05,1745,019416,,3,2,9,3200,0,1,3,,2,040,"RT 89","HUMPHREY CIR",0.00,,Y,A,-,Y,PLU,2,89,-,-,19.190,I,5,S,Y,3,0,2,2,A,-,08,22107,,N,D,C,A,A,H,-,D,D,0,,,,,Y,,A,08,0,2,0,0,0,0,0,0,0,"- ","- ",,,PLUMAS,UNINCORPORATED,-120.92909168,40.135793640000003
6717207,2014,2016-06-13,9165,2014-11-21,0247,14395,,5,3,9,3200,0,1,3,,2,021,"RT 70","GILL RANCH RD",2112.00,E,N,B,C,Y,PLU,2,70,-,-,58.680,H,-,E,Y,2,0,1,1,A,-,01,23152,A,N,E,I,A,B,H,-,D,D,0,,,,,Y,Y,A,01,1,0,0,0,0,0,0,0,0,"- ","- ",,,PLUMAS,UNINCORPORATED,-120.70167154000001,39.868079530000003
6718013,2014,2015-12-28,9165,2014-11-02,0130,19282,,7,3,9,3200,0,3,5,,2,004,"WOLF CREEK RD","LANDON AV",143.00,N,N,B,-,N,,,,,,,,,,Y,1,1,0,4,A,-,01,23152,A,N,D,E,A,A,H,-,D,D,0,,,,,Y,Y,D,22,0,0,0,0,0,0,0,0,0,"- ","- ",,,PLUMAS,UNINCORPORATED,,
6728506,2014,2016-06-13,9165,2014-11-28,1010,016297,,5,1,9,3200,0,1,3,,2,012,"RT 70","BRADLEY ST",276.00,W,N,B,-,Y,PLU,2,70,-,R,43.150,H,-,W,Y,4,0,2,2,A,-,09,21804,A,N,D,C,A,A,H,-,A,D,0,,,,,Y,,A,01,0,0,2,0,0,0,0,0,0,"- ","- ",,,PLUMAS,UNINCORPORATED,-120.94841924000001,39.937648209999999
6743869,2014,2015-01-23,9165,2014-11-28,1600,020692,,5,2,9,3200,0,3,5,,2,005,"PORTOLA MC CLEARS RD","BEAR RUN",613.00,E,N,B,-,N,,,,,,,,,,Y,3,0,1,1,A,-,01,23152,A,N,E,I,A,A,H,-,A,D,0,,,,,Y,Y,D,22,0,1,0,0,0,0,0,0,0,"- ","- ",39.772889999999997,-120.51723,PLUMAS,UNINCORPORATED,-120.51797569,39.772890789999998
6749653,2014,2015-02-04,9165,2014-12-04,1400,020692,,4,2,9,3200,0,3,5,,2,005,"DYSON LN","HARRIET LN",0.00,,Y,B,-,N,,,,,,,,,,N,3,0,1,1,A,-,01,23152,A,N,H,I,A,A,H,-,A,D,0,,,,,Y,Y,D,22,0,1,0,0,0,0,0,0,0,"- ","- ",39.751739999999998,-120.30568,PLUMAS,UNINCORPORATED,-120.30558997999999,39.751739960000002
6759400,2014,2016-06-13,9165,2014-12-17,1650,17410,,3,2,9,3200,0,1,3,,2,030,"RT 70","CHAMBERS CREEK",2640.00,W,N,B,C,Y,PLU,2,70,-,-,8.500,H,-,W,Y,2,0,1,1,A,-,08,22107,,N,E,I,A,B,H,-,B,D,0,,,,,Y,,A,01,1,0,0,0,0,0,0,0,0,"- ","- ",,,PLUMAS,UNINCORPORATED,-121.30109876,39.95220604
6760210,2014,2015-02-02,9165,2014-12-14,2230,019416,,7,3,9,3200,0,3,5,,2,004,"NORTH VALLEY RD","RESERVATION RD",1056.00,W,N,B,-,N,,,,,,,,,,Y,2,0,1,1,A,-,08,22107,,N,F,A,A,B,H,-,D,D,0,,,,,Y,,A,01,1,0,0,0,0,0,0,0,0,"- ","- ",,,PLUMAS,UNINCORPORATED,-120.89704335,40.144542979999997
6764172,2014,2016-06-13,9165,2014-12-12,0100,19282,,5,3,9,3200,0,1,3,,2,020,"RT 70","SPRING GARDEN",1.00,W,N,B,-,Y,PLU,2,70,-,-,51.210,H,-,W,Y,3,0,1,1,A,-,08,22107,,N,E,I,A,C,H,-,D,D,0,,,,,Y,,A,07,0,1,0,0,0,0,0,0,0,"- ","- ",,,PLUMAS,UNINCORPORATED,-120.81318408999999,39.911691750000003
6764175,2014,2015-02-02,9165,2014-12-14,2120,17410,,7,2,9,3200,0,3,5,,2,001,"GREENHORN RANCH RD","GREENHORN CREEK GUEST RANCH",1056.00,S,N,B,-,N,,,,,,,,,,Y,4,0,1,1,A,-,01,23152,A,N,E,I,A,B,H,-,D,D,0,,,,,Y,Y,A,07,0,0,1,0,0,0,0,0,0,"- ","- ",,,PLUMAS,UNINCORPORATED,,
6779446,2014,2015-02-11,9165,2014-12-25,1853,019392,,4,2,9,3200,0,3,5,,2,004,"NORTH VALLEY RD","PECKS VALLEY RD",2112.00,S,N,B,-,N,,,,,,,,,,Y,2,0,1,1,A,-,01,23152,A,N,E,I,A,A,H,-,D,D,0,,,,,Y,Y,A,07,1,0,0,0,0,0,0,0,0,"- ","- ",,,PLUMAS,UNINCORPORATED,-120.94082,40.149209999999997
6791558,2015,2016-04-13,9165,2015-01-01,0145,019392,,4,3,9,3200,0,3,5,,2,003,"OLD HIGHWAY","RT 70",3168.00,W,N,A,-,N,,,,,,,,,,Y,2,0,1,1,A,-,01,23152,A,N,F,A,A,A,H,-,D,D,0,,,Y,,Y,Y,C,06,1,0,0,0,0,0,0,0,1,"- ","- ",,,PLUMAS,UNINCORPORATED,-120.88324,39.93515
6792184,2015,2015-02-19,9165,2015-01-21,1201,014395,,3,1,9,3200,0,3,5,,2,002,"BUCKS LAKE RD","SLATE CREEK RD",3168.00,E,N,A,-,N,,,,,,,,,,Y,4,0,1,1,A,-,03,22350,,N,E,I,A,C,B,-,A,D,0,,,,,Y,,A,07,0,0,1,0,0,0,0,0,0,"- ","- ",,,PLUMAS,UNINCORPORATED,-121.00757092000001,39.943948499999998
6792185,2015,2015-02-19,9165,2015-01-20,0859,014395,,2,1,9,3200,0,3,5,,2,001,"JACKSON ST","BRADLEY ST",0.00,,Y,B,-,N,,,,,,,,,,N,4,0,2,2,A,-,09,21802,A,N,D,C,A,A,H,-,A,A,0,,,,,Y,,A,01,0,0,2,0,0,0,0,0,0,"- ","- ",,,PLUMAS,UNINCORPORATED,-120.94752988,39.935779969999999
6797548,2015,2016-04-13,9165,2015-01-21,1605,013862,,3,2,9,3200,0,3,5,,2,005,"GRIZZLY RD","RT 70",1.00,N,N,A,-,N,,,,,,,,,,Y,3,0,1,1,A,-,01,23152,A,N,F,A,A,A,H,-,A,D,0,,,,,Y,Y,A,01,0,1,0,0,0,0,0,0,0,"- ","- ",,,PLUMAS,UNINCORPORATED,-120.42173009,39.824312740000003
6821525,2015,2016-09-07,9165,2015-02-14,0200,017447,,6,3,9,3200,0,1,3,,2,030,"RT 70","TOBIN BR",528.00,W,N,A,-,Y,PLU,2,70,-,-,7.200,H,-,E,Y,4,0,1,1,A,-,08,22107,,N,E,I,A,A,H,-,D,D,0,,,,,Y,,A,01,0,0,1,0,0,0,0,0,0,"- ","- ",,,PLUMAS,UNINCORPORATED,-121.31511963,39.938106789999999
6833649,2015,2016-09-07,9165,2015-02-21,1253,019781,,6,1,9,3200,0,1,3,,2,050,"RT 89","WASCO TRL",300.00,S,N,A,-,Y,PLU,2,89,-,-,7.680,H,-,N,Y,3,0,1,2,A,-,09,21801,A,N,D,C,A,A,H,-,A,D,0,,,Y,,Y,,A,01,0,1,0,0,0,0,0,0,1,"- ","- ",39.768650000000001,-120.61971,PLUMAS,UNINCORPORATED,-120.61968853,39.768643429999997
6846202,2015,2015-03-16,9140,2015-01-10,1803,019931,,6,2,9,3200,0,3,5,,2,050,"MOODY MEADOW RD","1ST AV",170.00,N,N,A,-,N,,,,,,,,,,Y,4,0,1,1,A,-,21,22106,,N,F,A,A,A,H,-,D,D,0,,,Y,,Y,,C,02,0,0,1,0,0,0,0,0,1,"- ","- ",40.303330000000003,-121.22814,PLUMAS,UNINCORPORATED,-121.22721,40.303359999999998
6883377,2015,2015-04-22,9165,2015-04-03,1700,14395,,5,2,9,3200,0,3,5,,2,002,"LAPORTE RD","ONION VALLEY WARMING HUT RD",238.00,S,N,B,-,N,,,,,,,,,,Y,2,0,1,1,A,-,03,22350,,N,F,A,A,A,H,-,A,D,0,,,Y,,Y,Y,C,02,1,0,0,0,0,0,0,0,1,"- ","- ",39.795099999999998,-120.88291,PLUMAS,UNINCORPORATED,-120.88276415999999,39.795069050000002
6884743,2015,2016-04-06,9165,2015-03-29,1610,13862,,7,2,9,3200,0,3,5,,2,002,"OROVILLE-QUINCY HWY","BUTTE CO LINE",15840.00,E,N,A,-,N,,,,,,,,,,N,3,0,1,1,A,-,03,22350,,N,F,A,A,A,H,-,A,D,0,,,Y,,Y,,C,02,0,1,0,0,0,0,0,0,1,"- ","- ",39.83014,-121.31388,PLUMAS,UNINCORPORATED,-121.31394625,39.83010822
6922409,2015,2016-11-04,9165,2015-05-01,1700,019282,,5,2,9,3200,0,1,3,,2,012,"RT 70","RAILWAY AV",5.00,W,N,A,-,Y,PLU,2,70,-,R,43.268,I,5,W,N,3,0,1,1,A,-,08,22107,,F,F,A,A,A,H,-,A,D,1,,Y,,,Y,,L,04,0,1,0,0,0,0,1,0,0,"- ","- ",39.937570000000001,-120.94642,PLUMAS,UNINCORPORATED,-120.94636088,39.937619339999998
6924785,2015,2015-06-17,9165,2015-05-16,0245,20692,,6,3,9,3200,0,3,5,,2,005,"GRIZZLY RD","CREEK RD",259.00,S,N,B,C,N,,,,,,,,,,Y,2,0,3,1,A,-,01,23152,A,N,E,I,A,B,H,-,D,D,0,,,,,Y,Y,D,22,1,0,2,0,0,0,0,0,0,"- ","- ",39.841430000000003,-120.42453,PLUMAS,UNINCORPORATED,-120.42445669999999,39.841446490000003
6963207,2015,2016-11-04,9165,2015-06-09,1412,13901,,2,2,9,3200,0,1,3,,2,051,"RT 70","C ROAD",4224.00,W,N,B,-,Y,PLU,2,70,-,-,68.550,H,-,E,Y,2,0,1,1,A,-,08,22107,,N,E,I,A,A,H,-,A,D,0,,,,,Y,,A,01,1,0,0,0,0,0,0,0,0,"- ","- ",39.769530000000003,-120.59008,PLUMAS,UNINCORPORATED,-120.59014252999999,39.76958569
6984650,2015,2016-11-04,9165,2015-06-29,1316,019392,,1,1,9,3200,0,1,3,,2,021,"RT 70","RT 89",100.00,W,N,A,-,Y,PLU,2,70,-,R,66.600,H,-,W,Y,4,0,1,1,A,-,03,22350,,N,E,I,A,A,D,-,A,A,0,,,,,Y,,A,01,0,0,1,0,0,0,0,0,0,"- ","- ",39.784759999999999,-120.62051,PLUMAS,UNINCORPORATED,-120.62052473,39.7846531
6984718,2015,2015-07-15,9165,2015-06-29,0710,017410,,1,1,9,3200,0,3,5,,2,002,"BIG CREEK RD","COUNTRYMAN DR",27.00,E,N,A,-,N,,,,,,,,,,Y,2,0,4,1,A,-,08,22107,,N,E,I,A,A,H,-,A,D,0,,,,,Y,,A,01,1,1,2,0,0,0,0,0,0,"- ","- ",39.866160000000001,-121.16580999999999,PLUMAS,UNINCORPORATED,-121.16599287,39.866150359999999
6989358,2015,2017-01-14,9165,2015-07-04,1220,021091,,6,1,9,3200,0,1,3,,2,032,"RT 70","KEDDIE RESORT RD",2640.00,W,N,A,-,Y,PLU,2,70,-,-,36.030,H,-,E,Y,3,0,1,2,A,-,03,22350,,N,C,C,A,A,H,-,A,D,0,,,Y,,Y,,C,02,0,1,0,0,0,0,0,0,1,"- ","- ",40.01867,-120.96171,PLUMAS,UNINCORPORATED,-120.96161478,40.018692880000003
7157350,2015,2016-01-19,3200,2015-09-02,1209,202,CITY,3,5,1,3201,0,0,0,,0,PATROL,"N BECKWITH ST","E SIERRA AV",32.00,N,N,A,-,N,,,,,,,,,,Y,3,0,1,1,A,-,08,22107,,N,E,I,A,A,H,-,A,D,0,,,,,Y,,A,01,0,1,0,0,0,0,0,0,0,"- ","- ",39.484099999999998,-120.282,PLUMAS,PORTOLA,-120.46715723,39.811389920000003
8299990,2016,2017-03-14,3201,2016-09-24,1943,106,CITY,6,5,1,3201,0,0,0,,0,PATROL,"MAIN ST","6TH AV",0.00,S,N,A,-,N,,,,,,,,,,N,3,0,1,1,A,-,08,22107,,F,E,I,A,A,H,-,D,D,0,,,,,Y,,-,,0,1,0,0,0,0,0,0,0,"- ","- ",,,PLUMAS,PORTOLA,-120.47148996999999,39.800889920000003
8615964,2018,2018-08-02,3201,2018-01-24,0947,204,CITY,3,5,1,3201,0,0,0,,0,PATROL,"WEST SIERRA AV","GULLING ST",0.00,,Y,A,-,Y,PLU,2,70,-,-,75.960,I,5,W,N,3,0,1,2,A,-,10,21950,,N,G,-,B,A,H,-,A,A,0,Y,,,,Y,,D,22,0,1,0,0,1,0,0,0,0,"- ","- ",,,PLUMAS,PORTOLA,-120.46952819824219,39.810588836669922
90005726,2015,2015-10-19,9165,2015-07-15,0430,021091,,3,3,9,3200,0,3,5,,2,002,"SQUIRREL CREEK ROAD",SR-70,31680.00,N,N,A,-,N,,,,,,,,,,Y,3,0,1,1,A,-,01,23152,A,N,F,A,A,A,H,-,D,D,0,,,,,Y,Y,A,01,0,1,0,0,0,0,0,0,0,"- ","- ",39.944769999999998,-120.75668,PLUMAS,UNINCORPORATED,-120.78357,39.937899999999999
90005811,2015,2015-10-19,9165,2015-07-21,1538,013862,,2,2,9,3200,0,1,3,,2,011,"SR-70 (E. MAIN ST.)","FIRST ST.",69.00,E,N,B,-,Y,,,70,,,,,,,N,3,0,2,2,A,-,03,22350,,N,C,C,A,A,H,-,A,D,0,,,,,Y,,D,22,0,1,1,0,0,0,0,0,0,"- ","- ",39.933880000000002,-120.89821999999999,PLUMAS,UNINCORPORATED,-120.89821791999999,39.93392455
90005819,2015,2015-10-19,9165,2015-07-18,1510,021091,,6,2,9,3200,0,3,5,,2,002,"QUINCY-LAPORTE RD.",SR-70,2112.00,S,N,A,-,N,,,,,,,,,,Y,3,0,1,1,A,-,03,22350,,N,F,A,A,A,H,-,A,D,0,,,Y,,Y,,C,02,0,1,0,0,0,0,0,0,1,"- ","- ",39.93065,-120.88361,PLUMAS,UNINCORPORATED,-120.8834969,39.930139029999999
90006049,2015,2015-10-19,9285,2015-07-03,1200,016343,,5,1,9,3200,0,3,5,,1,008,"MOOREVILLE ROAD","MAIN ST",0.00,,Y,A,-,N,,,,,,,,,,N,3,0,1,1,C,-,18,,,N,G,B,A,A,H,-,A,A,0,,,,,Y,,-,"- ",0,1,0,0,0,0,0,0,0,"- ","- ",39.684040000000003,-120.98795,PLUMAS,UNINCORPORATED,-120.98802999999999,39.684029889999998
90007341,2015,2015-10-19,9165,2015-07-27,1000,017410,,1,1,9,3200,0,3,5,,2,002,"BUCKLIN RD",24N24,1584.00,S,N,A,-,N,,,,,,,,,,N,2,0,1,2,A,-,17,21662,A,N,B,G,A,A,H,-,A,D,0,,Y,,,Y,,L,04,1,0,0,0,0,0,1,0,0,"- ","- ",39.897880000000001,-121.20768,PLUMAS,UNINCORPORATED,-121.20768606999999,39.897853009999999
90007715,2015,2015-10-19,9165,2015-08-09,0900,017410,,7,1,9,3200,0,1,3,,2,040,"STATE ROUTE 89","DIXIE CANYON RD",3168.00,S,N,A,-,Y,,,89,,,,,,,Y,2,0,1,1,A,-,08,22107,,N,E,I,A,A,H,-,A,D,0,,,,,Y,,D,22,1,0,0,0,0,0,0,0,0,"- ","- ",40.071159999999999,-120.94802,PLUMAS,UNINCORPORATED,-120.94797975,40.071145870000002
90008406,2015,2015-10-19,9165,2015-08-06,1224,021091,,4,1,9,3200,0,3,5,,2,002,"CAMP LAYMAN RD",SR-70,2112.00,S,N,A,-,N,,,,,,,,,,N,2,0,1,1,A,-,03,22350,,N,F,A,A,A,H,-,A,D,0,,,Y,,Y,,C,06,1,0,0,0,0,0,0,0,1,"- ","- ",39.835839999999997,-120.67752,PLUMAS,UNINCORPORATED,-120.67702298,39.834945279999999
90009775,2015,2015-10-19,9165,2015-08-07,0410,018506,,5,3,9,3200,0,1,3,,2,052,SR-70,"ROCKY POINT RD",0.00,,Y,B,-,Y,,,70,,,,,,,Y,3,0,1,1,A,-,08,22107,,M,E,I,A,A,H,-,C,D,0,,,,,Y,,A,01,0,1,0,0,0,0,0,0,0,"- ","- ",39.82423,-120.42161,PLUMAS,UNINCORPORATED,-120.42161111,39.82429131
90010370,2015,2015-10-19,9140,2015-07-24,2050,016169,,5,2,9,3200,0,1,3,,2,051,SR-36,"1ST AVENUE",0.00,,N,A,-,Y,,,,,,,,,,Y,3,0,3,1,A,-,16,24002,A,N,E,I,A,A,H,-,A,D,0,,,,,Y,,M,47,0,2,1,0,0,0,0,0,0,"- ","- ",,,PLUMAS,UNINCORPORATED,,
90011811,2015,2015-10-19,9165,2015-08-19,1045,021091,,3,1,9,3200,0,3,5,,2,002,"OROVILLE-QUINCY HIGHWAY","FOUR TREES ROAD",7920.00,E,N,A,-,N,,,,,,,,,,N,3,0,1,1,A,-,08,22107,,N,F,A,A,A,H,-,A,D,0,,,Y,,Y,,C,02,0,1,0,0,0,0,0,0,1,"- ","- ",39.832149999999999,-121.31456,PLUMAS,UNINCORPORATED,-121.31440938,39.832184460000001
90013171,2015,2015-10-19,9165,2015-08-30,0943,019583,,7,1,9,3200,0,1,3,,2,051,SR-70,SR-89,0.00,,Y,A,-,Y,,,70,,,,,,,Y,3,0,4,2,A,-,09,21801,A,N,E,I,A,A,H,-,A,D,0,,,,,Y,,A,01,0,1,3,0,0,0,0,0,0,"- ","- ",39.784210000000002,-120.61982,PLUMAS,UNINCORPORATED,-120.61977625,39.784296380000001
90018854,2015,2015-10-19,9165,2015-09-09,0930,012886,,3,1,9,3200,0,3,5,,2,005,"GOLD LAKE HWY",SR-89,26400.00,S,N,A,-,N,,,,,,,,,,Y,2,0,1,1,A,-,08,22107,,N,F,A,A,A,H,-,A,D,0,,,,Y,Y,,F,21,1,0,0,0,0,0,0,0,0,"- ","- ",39.72484,-120.65841,PLUMAS,UNINCORPORATED,-120.65808355999999,39.724340259999998
90018968,2015,2015-10-19,9165,2015-09-10,1531,018600,,4,2,9,3200,0,1,3,,2,040,"SR-89 (CRESCENT ST)","GRAND ST",260.00,S,N,A,-,Y,,,89,,,,,,,N,3,0,1,2,A,-,09,21801,A,N,D,C,A,A,H,-,A,D,0,,,Y,,Y,,D,22,0,1,0,0,0,0,0,0,1,"- ","- ",40.139360000000003,-120.94492,PLUMAS,UNINCORPORATED,-120.94491695000001,40.13941269
90022872,2015,2015-10-19,9165,2015-09-19,0230,019750,,6,3,9,3200,0,1,3,,2,010,"SR-70 (CRESCENT STREET)","LAWRENCE STREET",0.00,,Y,A,-,Y,,,70,,,,,,,Y,4,0,1,1,A,-,08,22107,,N,E,I,A,A,H,-,C,D,0,,,,,Y,,A,07,0,0,1,0,0,0,0,0,0,"- ","- ",39.937570000000001,-120.94971,PLUMAS,UNINCORPORATED,-120.94968646,39.93760125
90030249,2015,2015-10-19,9165,2015-10-03,0700,019750,,6,1,9,3200,0,1,3,,2,021,SR-70,"PARKERS ROAD",2112.00,W,N,A,-,Y,,,70,,,,,,,Y,2,0,2,2,A,-,08,22107,,N,A,C,A,A,H,-,B,D,0,,,,,Y,,A,07,1,0,1,0,0,0,0,0,0,"- ","- ",39.810209999999998,-120.65340999999999,PLUMAS,UNINCORPORATED,-120.65352722,39.810247500000003
90032937,2015,2015-10-19,9165,2015-10-11,0230,018243,,7,3,9,3200,0,1,3,,2,050,SR-89,"MIDDLE FORK FEATHER RIVER BRIDGE",300.00,S,N,A,-,Y,,,89,,,,,,,N,4,0,1,1,A,-,08,22107,,N,F,A,A,A,H,-,D,D,0,,,,,Y,Y,A,01,0,0,1,0,0,0,0,0,0,"- ","- ",39.777189999999997,-120.62109,PLUMAS,UNINCORPORATED,-120.6210236,39.777201660000003
90038510,2015,2015-10-27,9140,2015-10-21,1745,015598,,3,2,9,3200,0,1,3,,2,051,"STATE ROUTE 36","COUNTY ROAD A13",0.00,,Y,A,-,Y,,,,,,,,,,Y,4,0,2,2,A,-,09,21802,A,N,D,C,A,A,H,-,A,D,0,,,,,Y,,A,07,0,0,2,0,0,0,0,0,0,"- ","- ",,,PLUMAS,UNINCORPORATED,,
90051184,2015,2015-11-16,9165,2015-11-09,0730,019282,,1,1,9,3200,0,3,5,,2,005,"A-23 (BECKWOURTH CALPINE RD.)","CARMEN VALLEY RD",2640.00,S,N,B,-,N,,,,,,,,,,Y,3,0,1,1,A,-,03,22350,,N,F,A,A,C,H,-,A,D,0,,,,,Y,,D,22,0,1,0,0,0,0,0,0,0,"- ","- ",39.709569999999999,-120.40264000000001,PLUMAS,UNINCORPORATED,-120.40269970999999,39.709616009999998
90051325,2015,2015-11-16,9165,2015-11-09,1535,013901,,1,2,9,3200,0,1,3,,2,052,"SR-70 W/B","BIG GRIZZLY CREEK",3168.00,W,N,B,C,Y,,,70,,,,,,W,Y,3,0,1,1,A,-,01,23152,A,N,E,I,A,B,H,-,A,D,0,,,,,Y,Y,A,01,0,1,0,0,0,0,0,0,0,"- ","- ",39.822479999999999,-120.43514999999999,PLUMAS,UNINCORPORATED,-120.43517327000001,39.822363639999999
90051567,2015,2015-11-16,9165,2015-11-10,0830,019282,,2,1,9,3200,0,1,3,,2,041,SR-89,"CANYON DAM",4224.00,S,N,B,-,Y,,,89,,,,,,,Y,4,0,1,1,A,-,03,22350,,N,E,I,A,B,H,-,A,D,0,,,,,Y,,D,22,0,0,1,0,0,0,0,0,0,"- ","- ",40.175660000000001,-121.05525,PLUMAS,UNINCORPORATED,-121.05523832999999,40.175621190000001
90064473,2015,2015-12-03,9165,2015-11-24,1640,018622,,2,2,9,3200,0,3,5,,2,002,"BUCKS LAKE RD","SLATE CREEK RD",3168.00,W,N,A,-,N,,,,,,,,,,Y,2,0,1,1,A,-,03,22350,,N,F,A,A,C,H,-,D,D,0,,,,,Y,,A,07,1,0,0,0,0,0,0,0,0,"- ","- ",39.947859999999999,-121.02433000000001,PLUMAS,UNINCORPORATED,-121.02434725000001,39.947813009999997
90086026,2015,2015-12-31,9165,2015-12-24,1525,020692,,4,2,9,3200,0,1,3,,2,051,SR-70,"SIERRA SPRINGS DR.",528.00,E,N,B,D,Y,,,70,,,,,,,Y,3,0,1,1,A,-,03,22350,,N,F,A,A,C,E,-,A,A,0,,,,,Y,,A,07,0,1,0,0,0,0,0,0,0,"- ","- ",39.778060000000004,-120.56171999999999,PLUMAS,UNINCORPORATED,-120.5617645,39.77812359
90086665,2015,2015-12-31,9165,2015-11-24,0200,014395,,2,3,9,3200,0,1,3,,2,020,SR-70,"SPRING GARDEN OVERHEAD",303.00,W,N,B,-,Y,,,70,,,,,,,Y,1,1,0,1,A,-,03,22350,,N,E,I,A,B,B,-,D,D,0,,,,,Y,,D,22,0,0,0,0,0,0,0,0,0,"- ","- ",39.911859999999997,-120.81444999999999,PLUMAS,UNINCORPORATED,-120.81446355999999,39.911758290000002
90091811,2016,2016-01-11,9165,2016-01-05,0811,014395,,2,1,9,3200,0,1,3,,2,041,SR-89,"GREENVILLE WOLF CREEK RD",16896.00,N,N,B,C,Y,,,89,,,,,,,Y,4,0,1,1,A,-,03,22350,,N,E,I,A,C,B,-,A,D,0,,,,,Y,,A,01,0,0,1,0,0,0,0,0,0,"- ","- ",40.175089999999997,-121.02466,PLUMAS,UNINCORPORATED,-121.02466438,40.175105639999998