CASE_ID,ACCIDENT_YEAR,PROC_DATE,JURIS,COLLISION_DATE,COLLISION_TIME,OFFICER_ID,REPORTING_DISTRICT,DAY_OF_WEEK,CHP_SHIFT,POPULATION,CNTY_CITY_LOC,SPECIAL_COND,BEAT_TYPE,CHP_BEAT_TYPE,CITY_DIVISION_LAPD,CHP_BEAT_CLASS,BEAT_NUMBER,PRIMARY_RD,SECONDARY_RD,DISTANCE,DIRECTION,INTERSECTION,WEATHER_1,WEATHER_2,STATE_HWY_IND,CALTRANS_COUNTY,CALTRANS_DISTRICT,STATE_ROUTE,ROUTE_SUFFIX,POSTMILE_PREFIX,POSTMILE,LOCATION_TYPE,RAMP_INTERSECTION,SIDE_OF_HWY,TOW_AWAY,COLLISION_SEVERITY,NUMBER_KILLED,NUMBER_INJURED,PARTY_COUNT,PRIMARY_COLL_FACTOR,PCF_CODE_OF_VIOL,PCF_VIOL_CATEGORY,PCF_VIOLATION,PCF_VIOL_SUBSECTION,HIT_AND_RUN,TYPE_OF_COLLISION,MVIW,PED_ACTION,ROAD_SURFACE,ROAD_COND_1,ROAD_COND_2,LIGHTING,CONTROL_DEVICE,CHP_ROAD_TYPE,PEDESTRIAN_ACCIDENT,BICYCLE_ACCIDENT,MOTORCYCLE_ACCIDENT,TRUCK_ACCIDENT,NOT_PRIVATE_PROPERTY,ALCOHOL_INVOLVED,STWD_VEHTYPE_AT_FAULT,CHP_VEHTYPE_AT_FAULT,COUNT_SEVERE_INJ,COUNT_VISIBLE_INJ,COUNT_COMPLAINT_PAIN,COUNT_PED_KILLED,COUNT_PED_INJURED,COUNT_BICYCLIST_KILLED,COUNT_BICYCLIST_INJURED,COUNT_MC_KILLED,COUNT_MC_INJURED,PRIMARY_RAMP,SECONDARY_RAMP,LATITUDE,LONGITUDE,COUNTY,CITY,POINT_X,POINT_Y
90868752,2018,2018-11-27,9140,2018-10-21,1318,016169,,7,1,9,3200,0,1,3,,2,053,SR-89,SR-36,5280.00,S,N,A,-,Y,,,,,,,,,,Y,2,0,3,2,A,-,01,23152,A,N,A,C,A,A,H,-,A,D,0,,,,,Y,Y,A,07,2,1,0,0,0,0,0,0,0,"- ","- ",40.15570068359375,-121.14360046386719,PLUMAS,UNINCORPORATED,-121.26173400878906,40.265766143798828
90876075,2018,2018-12-05,9165,2018-11-27,1808,018622,,2,2,9,3200,0,1,3,,2,040,SR-89,"PIONEER RD.",528.00,S,N,C,-,Y,,,89,,,,,,,Y,2,0,1,1,A,-,08,22107,,N,F,I,A,B,H,-,D,D,0,,,,,Y,,A,01,1,0,0,0,0,0,0,0,0,"- ","- ",40.115398406982422,-120.90695190429688,PLUMAS,UNINCORPORATED,-120.90692138671875,40.115402221679688
90893906,2018,2018-12-31,9140,2018-12-18,1743,018847,,2,2,9,3200,0,1,3,,2,052,SR-147,SR-89,0.00,,Y,B,C,Y,,,147,,,,,,,Y,4,0,1,1,A,-,03,22350,,N,E,I,A,B,H,-,D,A,0,,,,,Y,,A,07,0,0,1,0,0,0,0,0,0,"- ","- ",40.171909332275391,-121.08055877685547,PLUMAS,UNINCORPORATED,-121.08059692382812,40.171974182128906
90894385,2018,2018-12-31,9165,2018-12-27,2243,019392,,4,3,9,3200,0,1,3,,2,010,SR-70,"BARLOW RD",3696.00,E,N,A,-,Y,,,70,,,,,,,Y,3,0,1,2,A,-,01,23152,A,N,F,A,A,A,H,-,D,D,0,,,Y,,Y,Y,C,02,0,1,0,0,0,0,0,0,1,"- ","- ",39.965629577636719,-120.94297027587891,PLUMAS,UNINCORPORATED,-120.94308471679688,39.965782165527344
90898420,2018,2019-01-07,9140,2018-12-24,1915,015598,,1,2,9,3200,0,1,3,,2,051,"STATE ROUTE 36 (MAIN ST.)","ASPEN ST.",33.00,E,N,B,-,Y,,,36,,,,,,,N,3,0,1,2,A,-,03,22350,,N,G,B,C,C,H,-,C,D,0,Y,,,,Y,,A,01,0,1,0,0,1,0,0,0,0,"- ","- ",40.306591033935547,-121.23198699951172,PLUMAS,UNINCORPORATED,-121.23191070556641,40.306529998779297
90913157,2018,2019-01-28,9165,2018-11-24,2145,019583,,6,2,9,3200,0,3,5,,2,005,"LAKE DAVIS RD.","DE PERSIA DR",2112.00,N,N,A,-,N,,,,,,,,,,Y,1,1,0,1,A,-,01,23152,A,N,E,I,A,A,H,-,D,D,0,,,,,Y,Y,A,01,0,0,0,0,0,0,0,0,0,"- ","- ",39.822528839111328,-120.48438262939453,PLUMAS,UNINCORPORATED,-120.48493957519531,39.823741912841797
90914479,2019,2019-01-29,9165,2019-01-24,2120,017447,,4,2,9,3200,0,1,3,,2,031,SR-70,"RUSH CREEK ROAD",3168.00,W,N,A,-,Y,,,70,,,,,,,Y,2,0,1,1,A,-,08,22107,,N,F,A,A,A,H,-,D,D,0,,,,Y,Y,,G,25,1,0,0,0,0,0,0,0,0,"- ","- ",40.028671264648438,-121.12896728515625,PLUMAS,UNINCORPORATED,-121.12895965576172,40.028656005859375
90927941,2019,2019-02-18,9165,2019-02-10,2056,019392,,7,2,9,3200,0,3,5,,2,004,"NORTH VALLEY ROAD","PECKS VALLEY RD",5280.00,S,N,B,-,N,,,,,,,,,,Y,3,0,2,2,A,-,03,22350,,N,C,C,A,C,H,-,D,D,0,,,,,Y,,A,01,0,2,0,0,0,0,0,0,0,"- ","- ",40.146018981933594,-120.91763305664062,PLUMAS,UNINCORPORATED,-120.94081878662109,40.149211883544922
90944875,2019,2019-03-13,9165,2019-03-09,2236,021571,,6,3,9,3200,0,1,3,,2,031,SR-70,"OLD MILL DRIVE",1584.00,W,N,B,C,Y,,,70,,,,,,,Y,3,0,1,1,A,-,03,22350,,N,E,I,A,B,H,-,D,D,0,,,,,Y,,A,07,0,1,0,0,0,0,0,0,0,"- ","- ",40.017360687255859,-121.09564208984375,PLUMAS,UNINCORPORATED,-121.09564208984375,40.017364501953125
90958237,2019,2019-04-01,9165,2019-03-25,1240,019416,,1,1,9,3200,0,1,3,,2,030,SR-70,"TOBIN BRIDGE",4752.00,E,N,B,C,Y,,,70,,,,,,,Y,4,0,1,1,A,-,01,23152,A,N,E,I,A,B,H,-,A,D,0,,,,,Y,Y,D,22,0,0,1,0,0,0,0,0,0,"- ","- ",39.945278167724609,-121.30751800537109,PLUMAS,UNINCORPORATED,-121.30750274658203,39.945262908935547
90958802,2019,2019-04-02,9140,2019-03-19,1645,018847,,2,2,9,3200,0,1,3,,2,052,SR-147,"DYER DRIVE",1500.00,S,N,B,-,Y,,,147,,,,,,,Y,3,0,1,1,A,-,08,22107,,N,E,J,A,B,H,-,A,D,0,,,,,Y,,A,01,0,1,0,0,0,0,0,0,0,"- ","- ",40.250308990478516,-121.07771301269531,PLUMAS,UNINCORPORATED,-121.07766723632812,40.250289916992188
90961898,2019,2019-04-05,9165,2019-04-01,1531,019993,,1,2,9,3200,0,1,3,,2,031,SR-70,"RICH BAR ROAD",0.60,E,N,B,-,Y,,,70,,,,,,,Y,3,0,1,1,A,-,08,22107,,N,F,A,A,A,H,-,A,D,0,,,,Y,Y,,F,26,0,1,0,0,0,0,0,0,0,"- ","- ",40.012199401855469,-121.18672943115234,PLUMAS,UNINCORPORATED,-121.18675994873047,40.012218475341797
90982190,2019,2019-05-06,9165,2019-05-01,2030,021091,,3,2,9,3200,0,1,3,,2,030,SR-70,"TOBIN BRIDGE",184.00,E,N,A,-,Y,,,70,,,,,,,Y,3,0,1,1,A,-,01,23152,A,N,E,J,A,A,H,-,D,D,0,,,,,Y,Y,A,07,0,1,0,0,0,0,0,0,0,"- ","- ",39.937290191650391,-121.31596374511719,PLUMAS,UNINCORPORATED,-121.31590270996094,39.937278747558594
91021509,2019,2019-07-01,9165,2019-06-26,2110,021571,,3,2,9,3200,0,1,3,,2,030,SR-70,"ROCK CREEK POWERHOUSE",1030.00,W,N,A,-,Y,,,70,,,,,,,Y,3,0,2,1,A,-,08,22107,,N,E,I,A,A,H,-,D,D,0,,,,,Y,,A,01,0,1,1,0,0,0,0,0,0,"- ","- ",39.903579711914062,-121.34871673583984,PLUMAS,UNINCORPORATED,-121.34870147705078,39.903545379638672
91028795,2019,2019-07-11,9165,2019-07-03,1256,014395,,3,1,9,3200,0,1,3,,2,031,SR-70,"SR-89 (N) (GREENVILLE WYE)",0.00,,Y,A,-,Y,,,70,,,,,,,Y,2,0,3,2,A,-,09,21802,A,N,A,C,A,A,H,-,A,A,0,,,,,Y,,A,07,2,1,0,0,0,0,0,0,0,"- ","- ",40.038761138916016,-120.98380279541016,PLUMAS,UNINCORPORATED,-120.98379516601562,40.038749694824219
91041424,2019,2019-07-30,9140,2019-07-24,1605,018847,,3,2,9,3200,0,1,3,,2,041,SR-36,"GOODRICH CREEK",6336.00,W,N,A,-,Y,,,,,,,,,,Y,3,0,3,2,C,-,18,,,N,B,C,A,A,H,-,A,D,0,,,,Y,Y,,-,"- ",0,3,0,0,0,0,0,0,0,"- ","- ",40.317508697509766,-120.94937896728516,PLUMAS,UNINCORPORATED,,
91044894,2019,2019-08-05,9165,2019-08-01,2030,021091,,4,2,9,3200,0,3,5,,2,001,"FIRST STREET","CEDAR ST",107.00,S,N,A,-,N,,,,,,,,,,N,3,0,1,1,A,-,17,21200,,N,F,A,A,A,H,-,D,D,0,,Y,,,Y,Y,L,04,0,1,0,0,0,0,1,0,0,"- ","- ",39.93157958984375,-120.89859008789062,PLUMAS,UNINCORPORATED,-120.89861297607422,39.931636810302734
91051134,2019,2019-08-13,9165,2019-08-04,0130,020692,,7,3,9,3200,0,1,3,,2,052,SR-70,SR-49,528.00,E,N,A,-,Y,,,70,,,,,,,Y,4,0,1,2,A,-,03,22350,,N,C,C,A,A,D,-,D,D,0,,,,,Y,,A,07,0,0,1,0,0,0,0,0,0,"- ","- ",39.803989410400391,-120.1761474609375,PLUMAS,UNINCORPORATED,-120.17619323730469,39.803871154785156
91056602,2019,2019-08-21,9165,2019-08-14,0735,018859,,3,1,9,3200,0,1,3,,2,030,SR-70,"TOBIN BRIDGE",3168.00,E,N,A,-,Y,,,70,,,,,,,Y,3,0,1,2,A,-,05,21460,A,N,A,C,A,A,H,-,A,D,0,,,,Y,Y,,G,25,0,1,0,0,0,0,0,0,0,"- ","- ",39.942951202392578,-121.30783843994141,PLUMAS,UNINCORPORATED,-121.30787658691406,39.942943572998047
91057464,2019,2019-08-22,9165,2019-08-18,0949,014395,,7,1,9,3200,0,1,3,,2,041,SR-89,"OLD HAUN RD.",2112.00,N,N,A,-,Y,,,89,,,,,,,Y,3,0,1,1,A,-,01,23152,A,N,E,I,A,A,H,-,A,D,0,,,,,Y,Y,A,07,0,1,0,0,0,0,0,0,0,"- ","- ",40.173480987548828,-120.97743988037109,PLUMAS,UNINCORPORATED,-120.97743988037109,40.173473358154297
91060367,2019,2019-08-27,9140,2019-08-19,2255,021043,,1,3,9,3200,0,3,5,,2,050,"FEATHER RIVER DRIVE","WAGON ROAD",264.00,W,N,A,-,N,,,,,,,,,,Y,2,0,5,1,A,-,03,22350,,N,E,I,A,A,H,-,D,D,0,,,,,Y,,A,01,1,2,2,0,0,0,0,0,0,"- ","- ",40.314300537109375,-121.23715972900391,PLUMAS,UNINCORPORATED,-121.23792266845703,40.313880920410156
91061032,2019,2019-08-28,9165,2019-08-24,0929,014395,,6,1,9,3200,0,1,3,,2,032,SR-70,"QUARRY RD.",156.00,E,N,A,-,Y,,,70,,,,,,,N,3,0,1,1,A,-,08,22107,,N,F,A,A,A,H,-,A,D,0,,,Y,,Y,Y,C,02,0,1,0,0,0,0,0,0,1,"- ","- ",40.035308837890625,-120.96434783935547,PLUMAS,UNINCORPORATED,-120.96434783935547,40.035308837890625
91072115,2019,2019-09-11,9165,2019-08-30,2100,020692,,5,2,9,3200,0,3,5,,2,005,"BECKWOURTH GENESEE RD","NORTH ST.",3696.00,N,N,A,-,N,,,,,,,,,,Y,2,0,1,1,C,-,18,,,N,H,H,A,A,H,-,D,D,0,,,Y,,Y,,-,"- ",1,0,0,0,0,0,0,0,1,"- ","- ",39.831329345703125,-120.37541961669922,PLUMAS,UNINCORPORATED,-120.37538909912109,39.831081390380859
91074769,2019,2019-09-16,9165,2019-09-09,1655,019993,,1,2,9,3200,0,1,3,,2,040,SR-89,SR-70,9504.00,N,N,A,-,Y,,,89,,,,,,,Y,2,0,1,1,A,-,06,21755,,N,E,I,A,A,H,-,A,D,0,,,Y,,Y,,C,02,1,0,0,0,0,0,0,0,1,"- ","- ",40.051128387451172,-120.97412872314453,PLUMAS,UNINCORPORATED,-120.97412109375,40.051113128662109
91074772,2019,2019-09-16,9165,2019-09-07,1012,014395,,6,1,9,3200,0,1,3,,2,040,SR-89,"INDIAN FALLS RD.",2640.00,N,N,B,-,Y,,,89,,,,,,,Y,2,0,1,1,C,-,18,,,N,E,I,A,A,H,-,A,D,0,,,,,Y,,-,"- ",1,0,0,0,0,0,0,0,0,"- ","- ",40.062641143798828,-120.96148681640625,PLUMAS,UNINCORPORATED,-120.96148681640625,40.062633514404297
91076367,2019,2019-09-17,9165,2019-09-09,1800,019416,,1,2,9,3200,0,3,5,,2,001,"RAILWAY AVE","LAWRENCE STREET",0.00,,N,A,-,Y,,,,,,,,,,N,3,0,1,2,A,-,09,21804,A,N,H,G,A,A,H,-,A,D,0,,Y,,,Y,Y,L,04,0,1,0,0,0,0,1,0,0,"- ","- ",39.937549591064453,-120.94638061523438,PLUMAS,UNINCORPORATED,-120.94635772705078,39.937599182128906
91077606,2019,2019-09-18,9165,2019-09-07,2200,020692,,6,3,9,3200,0,3,5,,2,005,"BECKWOURTH CALPINE RD",SR-70,152.00,S,N,A,-,Y,,,,,,,,,,Y,3,0,1,1,A,-,01,23152,G,N,E,I,A,A,H,-,D,D,0,,,,,Y,Y,A,07,0,1,0,0,0,0,0,0,0,"- ","- ",39.820880889892578,-120.39260864257812,PLUMAS,UNINCORPORATED,-120.39248657226562,39.820819854736328
91082424,2019,2019-10-31,9165,2019-09-02,0826,018243,,1,1,9,3200,0,1,3,,2,050,SR-89,"WHITEHAWK DRIVE",1584.00,S,N,A,-,Y,,,89,,,,,,,Y,1,1,0,1,A,-,08,22107,,N,E,I,A,A,H,-,A,D,0,,,,,Y,,A,01,0,0,0,0,0,0,0,0,0,"- ","- ",39.715808868408203,-120.53328704833984,PLUMAS,UNINCORPORATED,-120.53337097167969,39.715839385986328
91088545,2019,2019-10-02,9165,2019-09-21,1529,018046,,6,2,9,3200,0,1,3,,2,011,"MAIN STREET (SR-70 E/B)","BRADLEY STREET",7.00,E,N,A,-,Y,,,70,,,,,,E,N,3,0,1,2,A,-,10,21950,A,N,G,B,B,A,H,-,A,D,0,Y,,,,Y,,A,07,0,1,0,0,1,0,0,0,0,"- ","- ",39.936798095703125,-120.94754791259766,PLUMAS,UNINCORPORATED,-120.94754791259766,39.936721801757812
91099724,2019,2019-10-17,9140,2019-10-06,1337,021238,,7,1,9,3200,0,1,3,,2,051,"STATE ROUTE 36","MARYANN MEADOWS",7392.00,E,N,A,-,Y,,,,,,,,,,Y,2,0,2,1,A,-,08,22107,,N,E,I,A,A,H,-,A,D,0,,,,,Y,,A,01,1,1,0,0,0,0,0,0,0,"- ","- ",40.259479522705078,-121.29857635498047,PLUMAS,UNINCORPORATED,,
91102419,2019,2019-10-22,9165,2019-10-17,1315,021571,,4,1,9,3200,0,1,3,,2,031,SR-70,"RICH BAR MONUMENT TURNOUT",124.00,W,N,A,-,Y,,,70,,,,,,,Y,3,0,1,1,A,-,01,23152,G,N,E,I,A,A,H,-,A,D,0,,,,,Y,Y,A,01,0,1,0,0,0,0,0,0,0,"- ","- ",40.009880065917969,-121.19097900390625,PLUMAS,UNINCORPORATED,-121.1910400390625,40.009811401367188
91112363,2019,2019-11-04,9165,2019-10-26,1143,014395,,6,1,9,3200,0,3,5,,2,002,"BUCKLIN RD.","PONDEROSA WAY",1056.00,N,N,A,-,N,,,,,,,,,,Y,2,0,1,1,A,-,08,22107,,N,F,A,A,A,H,-,A,D,0,,,Y,,Y,,C,02,1,0,0,0,0,0,0,0,1,"- ","- ",39.878391265869141,-121.20104217529297,PLUMAS,UNINCORPORATED,-121.19942474365234,39.878154754638672
91117115,2019,2019-11-11,9165,2019-11-09,0920,014395,,6,1,9,3200,0,1,3,,2,030,SR-70,"ROCK CREEK BRIDGE",1056.00,W,N,A,-,Y,,,70,,,,,,,Y,2,0,1,1,A,-,08,22107,,N,E,I,A,A,C,-,A,D,0,,,,,Y,,A,07,1,0,0,0,0,0,0,0,0,"- ","- ",39.896648406982422,-121.3597412109375,PLUMAS,UNINCORPORATED,-121.35964965820312,39.896678924560547
91139069,2019,2019-12-10,9165,2019-12-02,2050,017447,,1,2,9,3200,0,1,3,,2,030,SR-70,"BELDEN TOWN ROAD",2112.00,E,N,B,C,Y,,,70,,,,,,,Y,3,0,2,1,A,-,03,22350,,N,E,J,A,B,C,-,D,D,0,,,,,Y,,A,01,0,2,0,0,0,0,0,0,0,"- ","- ",40.006351470947266,-121.24237060546875,PLUMAS,UNINCORPORATED,-121.24240112304688,40.006412506103516
91149419,2019,2019-12-20,9165,2019-12-15,1410,018859,,7,2,9,3200,0,3,5,,2,001,"1ST STREET","PINE STREET",12.00,N,N,A,-,N,,,,,,,,,,N,4,0,1,2,A,-,05,21460,A,M,D,C,A,A,H,-,A,A,0,,,,,Y,,D,22,0,0,1,0,0,0,0,0,0,"- ","- ",39.932651519775391,-120.89861297607422,PLUMAS,UNINCORPORATED,-120.8985595703125,39.932563781738281
91151952,2019,2019-12-24,9165,2019-12-23,0820,014395,,1,1,9,3200,0,1,3,,2,041,SR-89,"GREENVILLE-WOLF CREEK RD.",3696.00,N,N,B,-,Y,,,89,,,,,,,Y,4,0,1,1,A,-,03,22350,,N,E,I,A,C,B,-,A,D,0,,,,,Y,,A,07,0,0,1,0,0,0,0,0,0,"- ","- ",40.174350738525391,-120.99413299560547,PLUMAS,UNINCORPORATED,-120.99409484863281,40.174419403076172
91161802,2020,2020-01-08,9165,2020-01-04,0006,019558,,6,3,9,3200,0,1,3,,2,020,SR-70,"SPRING GARDEN OVERHEAD",3385.00,W,N,A,-,Y,,,70,,,,,,,Y,2,0,1,1,A,-,03,22350,,N,E,I,A,C,H,-,D,D,0,,,,,Y,,D,22,1,0,0,0,0,0,0,0,0,"- ","- ",39.916240692138672,-120.82386016845703,PLUMAS,UNINCORPORATED,-120.82386016845703,39.916255950927734
91166447,2020,2020-01-16,9165,2020-01-07,1245,018046,,2,1,9,3200,0,1,3,,2,020,SR-70,"SQUIRREL CREEK ROAD",4752.00,W,N,A,-,Y,,,70,,,,,,,Y,3,0,1,1,A,-,03,22350,,N,E,I,A,C,B,-,A,A,0,,,,,Y,,D,22,0,1,0,0,0,0,0,0,0,"- ","- ",39.916049957275391,-120.82314300537109,PLUMAS,UNINCORPORATED,-120.82313537597656,39.916061401367188
91168034,2020,2020-01-20,9165,2020-01-14,0833,019583,,2,1,9,3200,0,1,3,,2,052,SR-70,"DOTTA GUIDICI RD",806.00,W,N,B,D,Y,,,70,,,,,,,Y,4,0,1,1,A,-,03,22350,,N,F,A,A,C,B,E,A,A,0,,,,,Y,,D,22,0,0,1,0,0,0,0,0,0,"- ","- ",39.809291839599609,-120.19548034667969,PLUMAS,UNINCORPORATED,-120.19548034667969,39.809349060058594
91168064,2020,2020-01-20,9165,2020-01-16,1120,018243,,4,1,9,3200,0,3,5,,2,005,"BECKWOURTH-CALPINE ROAD","VALLE VISTA DRIVE",1584.00,N,N,B,D,N,,,,,,,,,,N,4,0,1,1,A,-,03,22350,,N,F,A,A,C,H,-,A,D,0,,,,,Y,,D,22,0,0,1,0,0,0,0,0,0,"- ","- ",39.781829833984375,-120.38018035888672,PLUMAS,UNINCORPORATED,-120.38011169433594,39.781776428222656
91180274,2020,2020-02-05,9165,2020-01-26,1700,017447,,7,2,9,3200,0,1,3,,2,031,SR-70,"CARIBOU ROAD",528.00,E,N,B,-,Y,,,70,,,,,,,Y,4,0,1,1,A,-,08,22107,,N,E,I,A,B,H,-,B,D,0,,,,,Y,,A,01,0,0,1,0,0,0,0,0,0,"- ","- ",40.014518737792969,-121.22325897216797,PLUMAS,UNINCORPORATED,-121.22325897216797,40.014522552490234
91191426,2020,2020-02-24,9165,2020-02-14,2029,020692,,5,2,9,3200,0,1,3,,2,051,SR-70,"KITTY KAT TRAIL",255.00,E,N,A,-,Y,,,70,,,,,,,Y,2,0,1,1,A,-,01,23152,A,N,E,I,A,A,H,-,D,D,0,,,,,Y,Y,A,01,1,0,0,0,0,0,0,0,0,"- ","- ",39.786838531494141,-120.54460906982422,PLUMAS,UNINCORPORATED,-120.54460144042969,39.786823272705078
91194454,2020,2020-02-27,9165,2020-02-24,2325,017447,,1,3,9,3200,0,3,5,,2,002,"BUCKS LAKE ROAD","SNAKE LAKE ROAD",800.00,E,N,A,-,N,,,,,,,,,,Y,4,0,1,1,A,-,08,22107,,N,F,A,A,A,H,-,D,D,0,,,,,Y,,A,07,0,0,1,0,0,0,0,0,0,"- ","- ",39.948959350585938,-121.03489685058594,PLUMAS,UNINCORPORATED,-121.03502655029297,39.948940277099609
91194509,2020,2020-02-27,9165,2020-02-25,0823,013901,,2,1,9,3200,0,1,3,,2,051,SR-70,"SIERRA SPRINGS DRIVE",779.00,E,N,A,-,Y,,,70,,,,,,,Y,2,0,2,1,A,-,08,22107,,N,E,I,A,A,H,-,A,D,0,,,,,Y,,D,22,1,0,1,0,0,0,0,0,0,"- ","- ",39.778068542480469,-120.56173706054688,PLUMAS,UNINCORPORATED,-120.56177520751953,39.778118133544922
91203789,2019,2020-03-09,9165,2019-12-23,1040,018506,,1,1,9,3200,0,1,3,,2,051,SR-70,"SIERRA SPRINGS DR",3168.00,E,N,B,-,Y,,,70,,,,,,,Y,1,1,0,1,A,-,01,23152,F,N,E,I,A,A,H,-,A,D,0,,,,,Y,,A,01,0,0,0,0,0,0,0,0,0,"- ","- ",39.782798767089844,-120.55500030517578,PLUMAS,UNINCORPORATED,-120.55500030517578,39.782794952392578
91215012,2020,2020-03-24,9140,2020-03-23,1323,015598,,1,1,9,3200,0,3,5,,2,050,"MYRTLE ST. (200 BLOCK)","1ST AVENUE",304.00,N,N,B,-,N,,,,,,,,,,N,4,0,1,2,A,-,21,22106,,N,D,C,A,A,H,-,A,D,0,,,,,Y,,A,07,0,0,1,0,0,0,0,0,0,"- ","- ",40.307640075683594,-121.22824859619141,PLUMAS,UNINCORPORATED,-121.22707366943359,40.307598114013672
91223866,2020,2020-04-10,9165,2020-04-06,1730,018032,,1,2,9,3200,0,1,3,,2,055,SR-284,"LITTLE LAST CHANCE CREEK",3168.00,S,N,A,-,Y,,,284,,,,,,,N,2,0,1,1,A,-,08,22107,,N,E,J,A,A,H,-,A,D,0,,,,,Y,,A,01,1,0,0,0,0,0,0,0,0,"- ","- ",39.873298645019531,-120.17999267578125,PLUMAS,UNINCORPORATED,-120.17997741699219,39.873325347900391
91227247,2020,2020-04-20,9165,2020-04-08,0255,018622,,3,3,9,3200,0,1,3,,2,030,SR-70,"RODGERS FLAT PG&E DRIVEWAY",2112.00,E,N,A,-,Y,,,70,,,,,,,Y,4,0,1,1,A,-,03,22350,,N,F,A,A,A,H,-,D,D,0,,,,Y,Y,,G,25,0,0,1,0,0,0,0,0,0,"- ","- ",39.964359283447266,-121.2740478515625,PLUMAS,UNINCORPORATED,-121.27416229248047,39.964370727539062
91230451,2020,2020-04-28,9140,2020-03-16,1407,015598,,1,2,9,3200,0,1,3,,2,052,"STATE ROUTE 147","LAKE COVE RESORT",5808.00,S,N,B,-,Y,,,147,,,,,,,Y,1,1,0,1,A,-,03,22350,,N,E,I,A,B,H,-,A,D,0,,,,,Y,,A,07,0,0,0,0,0,0,0,0,0,"- ","- ",40.204750061035156,-121.06854248046875,PLUMAS,UNINCORPORATED,-121.06845855712891,40.2047119140625
91238605,2020,2020-05-18,9165,2020-05-08,2300,021091,,5,3,9,3200,0,3,5,,2,004,"JOHNSON RANCH ROAD","ARLINGTON ROAD",34.00,S,N,A,-,N,,,,,,,,,,Y,3,0,1,1,A,-,01,23152,A,N,E,I,A,A,H,-,D,D,0,,,,,Y,Y,A,07,0,1,0,0,0,0,0,0,0,"- ","- ",40.083080291748047,-120.87404632568359,PLUMAS,UNINCORPORATED,-120.87406921386719,40.083065032958984
91254704,2020,2020-06-22,9165,2020-06-16,1419,018046,,2,2,9,3200,0,1,3,,2,031,SR-70,"USFS ROAD 26N18",0.00,,Y,A,-,Y,,,70,,,,,,,Y,3,0,1,2,A,-,09,21800,B,N,D,C,A,A,H,-,A,D,0,,,,Y,Y,,F,26,0,1,0,0,0,0,0,0,0,"- ","- ",40.020450592041016,-121.07218933105469,PLUMAS,UNINCORPORATED,-121.07218933105469,40.020442962646484
91259126,2020,2020-06-26,9165,2020-06-23,1120,017447,,2,1,9,3200,0,1,3,,2,031,SR-70,"RUSH CREEK ROAD",8976.00,W,N,A,-,Y,,,70,,,,,,,Y,4,0,1,1,A,-,08,22107,,N,E,I,A,A,H,-,A,D,0,,,,,Y,,D,22,0,0,1,0,0,0,0,0,0,"- ","- ",40.024211883544922,-121.14685821533203,PLUMAS,UNINCORPORATED,-121.14687347412109,40.024250030517578
91266714,2020,2020-07-10,9165,2020-07-03,1845,019416,,5,2,9,3200,0,3,5,,2,004,"ERICKSON ROAD (USFS 26N81)","GREENVILLE WOLF CREEK ROAD",6336.00,W,N,A,-,N,,,,,,,,,,N,2,0,1,1,A,-,01,23152,A,N,F,A,A,A,A,-,A,D,0,,,Y,,Y,Y,C,06,1,0,0,0,0,0,0,0,1,"- ","- ",40.138069152832031,-120.97109222412109,PLUMAS,UNINCORPORATED,,
91274059,2020,2020-07-29,9140,2020-07-17,1515,021683,,5,2,9,3200,0,1,3,,2,051,"SR-36 (MAIN ST)","1ST AVENUE",362.00,W,N,A,-,Y,,,36,,,,,,,Y,3,0,1,1,A,-,08,22107,,N,E,I,A,A,H,-,A,D,0,,,,,Y,,D,22,0,1,0,0,0,0,0,0,0,"- ","- ",40.310798645019531,-121.22820281982422,PLUMAS,UNINCORPORATED,-121.22829437255859,40.310916900634766
91276747,2020,2020-07-30,9165,2020-07-22,2210,019993,,3,3,9,3200,0,1,3,,2,030,SR-70,"GRIZZLY DOME TUNNEL (WEST END)",30.00,E,N,A,-,Y,,,70,,,,,,,Y,2,0,1,2,A,-,01,23152,G,N,B,C,A,A,H,-,C,D,0,,,,,Y,Y,D,22,1,0,0,0,0,0,0,0,0,"- ","- ",39.869129180908203,-121.37338256835938,PLUMAS,UNINCORPORATED,-121.37324523925781,39.869029998779297
91279122,2020,2020-08-03,9165,2020-07-29,0902,013901,,3,1,9,3200,0,1,3,,2,052,SR-70,"MADDALENA ROAD",6864.00,E,N,A,-,Y,,,70,,,,,,,Y,3,0,2,1,C,-,18,,,N,H,H,A,A,H,-,A,D,0,,,,,Y,,-,"- ",0,2,0,0,0,0,0,0,0,"- ","- ",39.8094482421875,-120.29564666748047,PLUMAS,UNINCORPORATED,-120.29564666748047,39.809471130371094