CASE_ID,ACCIDENT_YEAR,PROC_DATE,JURIS,COLLISION_DATE,COLLISION_TIME,OFFICER_ID,REPORTING_DISTRICT,DAY_OF_WEEK,CHP_SHIFT,POPULATION,CNTY_CITY_LOC,SPECIAL_COND,BEAT_TYPE,CHP_BEAT_TYPE,CITY_DIVISION_LAPD,CHP_BEAT_CLASS,BEAT_NUMBER,PRIMARY_RD,SECONDARY_RD,DISTANCE,DIRECTION,INTERSECTION,WEATHER_1,WEATHER_2,STATE_HWY_IND,CALTRANS_COUNTY,CALTRANS_DISTRICT,STATE_ROUTE,ROUTE_SUFFIX,POSTMILE_PREFIX,POSTMILE,LOCATION_TYPE,RAMP_INTERSECTION,SIDE_OF_HWY,TOW_AWAY,COLLISION_SEVERITY,NUMBER_KILLED,NUMBER_INJURED,PARTY_COUNT,PRIMARY_COLL_FACTOR,PCF_CODE_OF_VIOL,PCF_VIOL_CATEGORY,PCF_VIOLATION,PCF_VIOL_SUBSECTION,HIT_AND_RUN,TYPE_OF_COLLISION,MVIW,PED_ACTION,ROAD_SURFACE,ROAD_COND_1,ROAD_COND_2,LIGHTING,CONTROL_DEVICE,CHP_ROAD_TYPE,PEDESTRIAN_ACCIDENT,BICYCLE_ACCIDENT,MOTORCYCLE_ACCIDENT,TRUCK_ACCIDENT,NOT_PRIVATE_PROPERTY,ALCOHOL_INVOLVED,STWD_VEHTYPE_AT_FAULT,CHP_VEHTYPE_AT_FAULT,COUNT_SEVERE_INJ,COUNT_VISIBLE_INJ,COUNT_COMPLAINT_PAIN,COUNT_PED_KILLED,COUNT_PED_INJURED,COUNT_BICYCLIST_KILLED,COUNT_BICYCLIST_INJURED,COUNT_MC_KILLED,COUNT_MC_INJURED,PRIMARY_RAMP,SECONDARY_RAMP,LATITUDE,LONGITUDE,COUNTY,CITY,POINT_X,POINT_Y
90175660,2016,2016-05-09,9165,2016-05-01,1520,017447,,7,2,9,3200,0,3,5,,2,001,"MAIN STREET","CRESCENT STREET",20.00,W,N,A,-,Y,,,,,,,,,,N,4,0,1,2,A,-,03,22350,,N,C,C,A,A,H,-,A,D,0,,,,,Y,,A,07,0,0,1,0,0,0,0,0,0,"- ","- ",39.93674,-120.94902,PLUMAS,UNINCORPORATED,-120.95095633,40.139708169999999
90187731,2016,2016-05-26,9165,2016-05-19,2340,021091,,4,3,9,3200,0,3,5,,2,002,"BUCKS LAKE RD","SCHNEIDER CREEK RD",1584.00,W,N,B,-,N,,,,,,,,,,Y,3,0,1,1,A,-,01,23152,A,N,E,I,A,A,H,-,D,D,0,,,,,Y,Y,A,07,0,1,0,0,0,0,0,0,0,"- ","- ",39.923209999999997,-121.07519000000001,PLUMAS,UNINCORPORATED,-121.07508679999999,39.923149899999999
90209885,2016,2016-06-27,9165,2016-06-17,2020,019416,,5,2,9,3200,0,3,5,,2,004,"NORTH VALLEY ROAD","PECKS VALLEY RD",238.00,S,N,B,-,N,,,,,,,,,,Y,3,0,1,1,A,-,08,22107,,N,E,I,A,A,H,-,A,D,0,,,,,Y,,A,01,0,1,0,0,0,0,0,0,0,"- ","- ",40.14967,-120.93403000000001,PLUMAS,UNINCORPORATED,-120.9359633,40.14936763
90210427,2016,2016-06-27,9285,2016-06-22,1530,017393,,3,2,9,3200,0,3,5,,1,008,"DIRT TRAIL EAST OF PORT WINE ROAD","POST STREET",3062.00,S,N,A,-,N,,,,,,,,,,N,2,0,1,1,B,-,22,,,N,E,J,A,A,G,-,A,D,0,,,Y,,Y,,C,06,1,0,0,0,0,0,0,0,1,"- ","- ",39.402979999999999,-121.58371,PLUMAS,UNINCORPORATED,,
90214729,2016,2016-07-01,9165,2016-06-26,1534,018243,,7,2,9,3200,0,1,3,,2,051,SR-70,"SILVER SPRINGS DR.",528.00,E,N,A,-,Y,,,70,,,,,,,N,4,0,1,1,C,-,18,,,N,E,I,A,A,H,-,A,D,0,,,,,Y,,-,"- ",0,0,1,0,0,0,0,0,0,"- ","- ",39.783389999999997,-120.55322,PLUMAS,UNINCORPORATED,-120.55326469000001,39.783515360000003
90215355,2016,2016-07-04,9165,2016-06-24,2320,019993,,5,3,9,3200,0,3,5,,2,002,"SNAKE LAKE RD","BUCKS LAKE RD",0.00,,Y,A,-,N,,,,,,,,,,Y,2,0,4,1,A,-,01,23152,A,N,E,I,A,A,H,-,D,D,0,,,,,Y,Y,A,01,2,1,1,0,0,0,0,0,0,"- ","- ",39.94941,-121.03774,PLUMAS,UNINCORPORATED,-121.03782993,39.949349990000002
90224587,2016,2016-07-18,9165,2016-07-17,1044,017410,,7,1,9,3200,0,3,5,,2,002,"BIG CREEK RD.",23N60,2640.00,E,N,A,-,N,,,,,,,,,,Y,4,0,1,1,A,-,08,22107,,N,E,I,A,A,H,-,A,D,0,,,,,Y,,A,01,0,0,1,0,0,0,0,0,0,"- ","- ",39.86842,-121.12475999999999,PLUMAS,UNINCORPORATED,-121.12402618,39.865206389999997
90224885,2016,2016-07-18,9165,2016-07-10,1817,018622,,7,2,9,3200,0,1,3,,2,040,SR-89,SR-70,7392.00,N,N,A,-,Y,,,89,,,,,,,N,4,0,1,1,C,-,18,,,N,F,A,A,D,G,-,A,D,0,,,Y,,Y,,-,"- ",0,0,1,0,0,0,0,0,1,"- ","- ",40.046939999999999,-120.97759000000001,PLUMAS,UNINCORPORATED,-120.97765496,40.046863850000001
90225138,2016,2016-07-19,9165,2016-07-10,1812,019993,,7,2,9,3200,0,1,3,,2,040,SR-89,SR-70,7392.00,N,N,A,-,Y,,,89,,,,,,,Y,2,0,5,2,A,-,01,23152,A,N,A,C,A,A,H,-,A,D,0,,,,,Y,Y,D,22,1,2,2,0,0,0,0,0,0,"- ","- ",40.046939999999999,-120.97759000000001,PLUMAS,UNINCORPORATED,-120.97765496,40.046863850000001
90228850,2016,2016-07-25,9165,2016-07-14,1011,019282,,4,1,9,3200,0,3,5,,2,002,"BUCKS LAKE RD","BUCKS LAKE SUMMIT",2640.00,E,N,A,-,N,,,,,,,,,,Y,2,0,1,1,A,-,03,22350,,N,F,A,A,A,H,-,A,D,0,,,Y,,Y,,C,02,1,0,0,0,0,0,0,0,1,"- ","- ",39.904739999999997,-121.11537,PLUMAS,UNINCORPORATED,-121.31583127,39.806999990000001
90234123,2016,2016-08-01,9165,2016-07-25,1440,018622,,1,2,9,3200,0,1,3,,2,012,"SR-70 W/B (LAWRENCE STREET)","CHURCH ST",0.00,,Y,A,-,Y,,,70,,,,,,W,N,3,0,1,2,A,-,08,22107,,N,D,C,A,A,H,-,A,D,0,,,Y,,Y,,A,01,0,1,0,0,0,0,0,0,1,"- ","- ",39.93759,-120.94412,PLUMAS,UNINCORPORATED,-120.94412062000001,39.937576839999998
90235034,2016,2016-08-01,9165,2016-07-26,1430,017410,,2,2,9,3200,0,1,3,,2,041,SR-89,"OLD HAUN RD.",2112.00,S,N,A,-,Y,,,89,,,,,,,Y,3,0,1,1,A,-,08,22107,,N,E,I,A,A,H,-,A,D,0,,,,,Y,,A,01,0,1,0,0,0,0,0,0,0,"- ","- ",40.165799999999997,-120.95802,PLUMAS,UNINCORPORATED,-120.95807407,40.165736690000003
90239445,2016,2016-08-08,9165,2016-07-28,1735,017447,,4,2,9,3200,0,1,3,,2,011,"SR-70 (E. MAIN STREET)","FIRST STREET",0.00,,Y,A,-,Y,,,70,,,,,,,Y,4,0,3,2,A,-,09,21802,A,N,D,C,A,A,H,-,A,A,0,,,,,Y,,A,07,0,0,3,0,0,0,0,0,0,"- ","- ",39.933970000000002,-120.89846,PLUMAS,UNINCORPORATED,-120.89846133,39.93393579
90239463,2016,2016-08-08,9285,2016-07-30,1730,018986,,6,2,9,3200,0,2,4,,2,082,"BLACK ROCK CAMPGROUND ROAD","LITTLE GRASS VALLEY ROAD",250.00,E,N,A,-,N,,,,,,,,,,N,3,0,1,1,B,-,22,,,N,E,I,A,A,H,-,A,D,0,,,Y,,Y,Y,C,03,0,1,0,0,0,0,0,0,1,"- ","- ",39.729120000000002,-121.01412999999999,PLUMAS,UNINCORPORATED,-121.0141629,39.72911929
90240027,2016,2016-08-08,9140,2016-08-07,1245,015598,,7,1,9,3200,0,3,5,,2,050,"ALMANOR WEST DRIVE","DYER VIEW CAMPGROUND",287.00,N,N,A,-,N,,,,,,,,,,N,2,0,1,1,A,-,08,22107,,N,F,A,A,A,H,-,A,D,0,,Y,,,Y,,L,04,1,0,0,0,0,0,1,0,0,"- ","- ",,,PLUMAS,UNINCORPORATED,,
90242549,2016,2016-08-11,9165,2016-08-08,1036,013901,,1,1,9,3200,0,1,3,,2,051,SR-70,"C ROAD",2640.00,W,N,A,-,Y,,,70,,,,,,,Y,3,0,2,1,A,-,08,22107,,N,E,I,A,A,H,-,A,D,0,,,,,Y,,A,01,0,2,0,0,0,0,0,0,0,"- ","- ",39.771369999999997,-120.58399,PLUMAS,UNINCORPORATED,-120.5840089,39.77145282
90244759,2016,2016-08-15,9165,2016-08-09,1315,014395,,2,1,9,3200,0,1,3,,2,030,SR-70,"GRIZZLY DOME TUNNEL (W)",21.00,W,N,B,-,Y,,,70,,,,,,,Y,2,0,3,2,A,-,05,21460,A,N,A,C,A,A,H,-,A,D,0,,,,,Y,,A,07,1,1,1,0,0,0,0,0,0,"- ","- ",39.869070000000001,-121.37336999999999,PLUMAS,UNINCORPORATED,-121.37328282,39.868988539999997
90245512,2016,2016-08-16,9165,2016-08-14,0625,013862,,7,1,9,3200,0,1,3,,2,030,SR-70,"GRIZZLY CREEK BRIDGE",46.00,E,N,A,-,Y,,,70,,,,,,,Y,3,0,1,1,A,-,03,22350,,N,F,A,A,A,H,-,A,D,0,,,Y,,Y,,C,02,0,1,0,0,0,0,0,0,1,"- ","- ",39.868609999999997,-121.37365,PLUMAS,UNINCORPORATED,-121.3736507,39.868610769999997
90250579,2016,2016-08-23,9165,2016-08-19,1510,019416,,5,2,9,3200,0,1,3,,2,030,SR-70,"RODGERS FLAT",3168.00,E,N,A,-,Y,,,70,,,,,,,Y,2,0,3,1,A,-,08,22107,,N,F,A,A,A,H,-,A,D,0,,,,,Y,,D,22,1,1,1,0,0,0,0,0,0,"- ","- ",39.966810000000002,-121.27518000000001,PLUMAS,UNINCORPORATED,-121.27515076,39.966857959999999
90250908,2016,2016-08-23,9165,2016-08-22,1630,020692,,1,2,9,3200,0,1,3,,2,051,SR-70,"DELLEKER RD",1584.00,E,N,B,-,Y,,,70,,,,,,,Y,4,0,1,1,A,-,08,22107,,N,E,I,A,A,H,-,A,D,0,,,,,Y,,A,07,0,0,1,0,0,0,0,0,0,"- ","- ",39.808570000000003,-120.49243,PLUMAS,UNINCORPORATED,-120.49242619,39.808628069999997
90255525,2016,2016-08-29,9165,2016-08-21,0205,021091,,7,3,9,3200,0,1,3,,2,032,SR-70,"OLD HIGHWAY (EAST)",2640.00,W,N,A,-,Y,,,70,,,,,,,Y,3,0,1,1,A,-,01,23152,A,N,E,I,A,A,H,-,D,D,0,,,Y,,Y,Y,C,02,0,1,0,0,0,0,0,0,1,"- ","- ",39.998399999999997,-120.95594,PLUMAS,UNINCORPORATED,-120.95596525000001,39.998399999999997
90256193,2016,2016-08-29,9165,2016-08-28,1425,013862,,7,2,9,3200,0,1,3,,2,020,SR-70,"SQUIRREL CREEK RD",405.00,E,N,A,-,Y,,,70,,,,,,,Y,3,0,2,1,A,-,08,22107,,N,E,I,A,A,D,-,A,D,0,,,,,Y,,A,08,0,2,0,0,0,0,0,0,0,"- ","- ",39.912309999999998,-120.80633,PLUMAS,UNINCORPORATED,-120.80637385,39.912179209999998
90261098,2016,2016-09-05,9165,2016-09-01,1650,017447,,4,2,9,3200,0,3,5,,2,001,"SR-70 W/B (LAWRENCE STREET)","BRADLEY STREET",0.00,,Y,A,-,Y,,,70,,,,,,W,N,3,0,1,2,A,-,09,21802,A,N,D,G,A,A,H,-,A,A,0,,Y,,,Y,Y,A,01,0,1,0,0,0,0,1,0,0,"- ","- ",39.937629999999999,-120.94759999999999,PLUMAS,UNINCORPORATED,-120.94759956999999,39.937638929999999
90263027,2016,2016-09-07,9140,2016-08-24,1345,016732,,3,1,9,3200,0,1,3,,2,053,SR-89,SR-36,8976.00,S,N,A,-,Y,,,,,,,,,,N,3,0,1,1,C,-,18,,,N,E,I,A,A,H,-,A,D,0,,,,,Y,,-,"- ",0,1,0,0,0,0,0,0,0,"- ","- ",,,PLUMAS,UNINCORPORATED,-121.27184032,40.260421700000002
90263033,2016,2016-09-07,9140,2016-09-05,1654,016732,,1,2,9,3200,0,1,3,,2,051,SR-32,"BUTTE/TEHAMA COUNTY LINE",2112.00,E,N,A,-,Y,,,,,,,,,,Y,2,0,1,1,A,-,08,22107,,N,E,I,A,A,H,-,A,D,0,,,Y,,Y,,C,02,1,0,0,0,0,0,0,0,1,"- ","- ",,,PLUMAS,UNINCORPORATED,,
90266601,2016,2016-09-13,9165,2016-09-02,1333,014395,,5,1,9,3200,0,1,3,,2,031,SR-70,"RICH BAR OVERLOOK",400.00,E,N,A,-,Y,,,70,,,,,,,Y,3,0,2,1,A,-,08,22107,,N,E,I,A,A,H,-,A,D,0,,,,,Y,,A,01,0,2,0,0,0,0,0,0,0,"- ","- ",40.009360000000001,-121.19032,PLUMAS,UNINCORPORATED,-121.19031326,40.009407639999999
90269725,2016,2016-09-19,9165,2016-09-13,1235,014395,,2,1,9,3200,0,1,3,,2,032,SR-70,"OLD HIGHWAY (EAST)",0.00,,Y,A,-,Y,,,70,,,,,,,Y,4,0,1,2,A,-,09,21802,A,N,D,C,A,A,H,-,A,A,0,,,,,Y,,D,22,0,0,1,0,0,0,0,0,0,"- ","- ",39.994079999999997,-120.94768000000001,PLUMAS,UNINCORPORATED,-120.94766885999999,39.994090559999997
90278552,2016,2016-09-28,9140,2016-09-20,1445,016732,,2,2,9,3200,0,3,5,,2,050,"PLUMAS COUNTY ROAD 305(BUTT LAKE ROAD)",SR-89,13200.00,W,N,A,-,N,,,,,,,,,,Y,4,0,1,2,A,-,03,22350,,N,E,I,A,A,H,-,A,D,0,,,,Y,Y,,G,26,0,0,1,0,0,0,0,0,0,"- ","- ",,,PLUMAS,UNINCORPORATED,,
90278771,2016,2016-09-29,9165,2016-09-20,0038,019392,,2,3,9,3200,0,1,3,,2,011,"SR-70 (EAST MAIN STREET)","MILL CREEK RD",15.00,W,N,A,-,Y,,,70,,,,,,,Y,3,0,1,1,A,-,01,23152,A,N,E,I,A,A,H,-,C,A,0,,,,,Y,Y,A,01,0,1,0,0,0,0,0,0,0,"- ","- ",39.934150000000002,-120.90472,PLUMAS,UNINCORPORATED,-120.90471835,39.934182460000002
90278781,2016,2016-09-29,9165,2016-09-17,1206,019282,,6,1,9,3200,0,3,5,,2,002,"BIG CREEK ROAD","BUCKS LAKE RD",26400.00,W,N,A,-,N,,,,,,,,,,Y,3,0,1,1,A,-,08,22107,,N,F,A,A,A,H,-,A,D,0,,,Y,,Y,,C,02,0,1,0,0,0,0,0,0,1,"- ","- ",39.870649999999998,-121.11617,PLUMAS,UNINCORPORATED,-121.17373000000001,39.86788
90284752,2016,2016-10-05,9165,2016-10-02,1740,017447,,7,2,9,3200,0,1,3,,2,030,SR-70,"RODGERS FLAT",528.00,E,N,C,-,Y,,,70,,,,,,,Y,3,0,2,1,A,-,03,22350,,N,E,J,A,B,C,-,A,D,0,,,,,Y,,E,22,0,2,0,0,0,0,0,0,0,"- ","- ",39.962470000000003,-121.27977,PLUMAS,UNINCORPORATED,-121.27975561,39.962443139999998
90287104,2016,2016-10-10,9165,2016-10-02,0720,019416,,7,1,9,3200,0,1,3,,2,031,SR-70,"WOODY'S HOT SPRINGS",5280.00,E,N,B,-,Y,,,70,,,,,,,Y,3,0,1,1,A,-,08,22107,,N,E,I,A,A,H,-,A,D,0,,,,,Y,,A,01,0,1,0,0,0,0,0,0,0,"- ","- ",40.027569999999997,-121.0213,PLUMAS,UNINCORPORATED,-121.02124736,40.027546919999999
90287930,2016,2016-10-10,9165,2016-09-29,1920,021091,,4,2,9,3200,0,1,3,,2,011,"SR-70 (EAST MAIN STREET)","FAIRGROUNDS ROAD",60.00,E,N,A,-,Y,,,70,,,,,,,Y,4,0,1,2,A,-,03,22350,,N,C,C,A,A,H,-,C,D,0,,,,,Y,,D,22,0,0,1,0,0,0,0,0,0,"- ","- ",39.934939999999997,-120.91482999999999,PLUMAS,UNINCORPORATED,-120.91484038999999,39.934654559999998
90288084,2016,2016-10-18,9165,2016-09-16,1935,019416,,5,2,9,3200,0,3,5,,2,002,"OROVILLE-QUINCY HIGHWAY","USFS RD 23N73Y",1584.00,E,N,A,-,N,,,,,,,,,,Y,1,1,0,1,A,-,03,22350,,N,F,A,A,A,H,-,D,D,0,,,Y,,Y,,C,02,0,0,0,0,0,0,0,1,0,"- ","- ",39.86148,-121.23513,PLUMAS,UNINCORPORATED,-121.23513,39.86148
90288351,2016,2016-10-10,9165,2016-10-02,1330,013901,,7,1,9,3200,0,1,3,,2,052,SR-70,"MADDALENA ROAD",2112.00,E,N,B,C,Y,,,70,,,,,,,Y,3,0,1,1,A,-,08,22107,,N,F,A,A,B,H,-,A,D,0,,,,,Y,,A,01,0,1,0,0,0,0,0,0,0,"- ","- ",39.810169999999999,-120.31234000000001,PLUMAS,UNINCORPORATED,-120.31236043,39.810106300000001
90288669,2016,2016-12-01,9165,2016-10-04,1118,019583,,2,1,9,3200,0,1,3,,2,052,SR-70,"BECKWOURTH GENESEE ROAD",0.00,,Y,A,-,Y,,,70,,,,,,,Y,3,0,2,2,A,-,09,21801,A,N,A,C,A,A,H,-,A,D,0,,,,,Y,,D,22,0,2,0,0,0,0,0,0,0,"- ","- ",39.818150000000003,-120.37548,PLUMAS,UNINCORPORATED,-120.37548593,39.818120309999998
90288749,2016,2016-10-11,9165,2016-10-06,0945,019416,,4,1,9,3200,0,1,3,,2,030,SR-70,"TOBIN BRIDGE",0.00,W,N,A,-,Y,,,70,,,,,,,Y,3,0,1,1,A,-,08,22107,,N,E,I,A,A,H,-,A,D,0,,,,Y,Y,,G,25,0,1,0,0,0,0,0,0,0,"- ","- ",39.936390000000003,-121.31588000000001,PLUMAS,UNINCORPORATED,-121.31579553,39.936405360000002
90302777,2016,2016-10-27,9165,2016-10-20,1738,019781,,4,2,9,3200,0,1,3,,2,052,SR-70,"MADDALENA RD",6336.00,E,N,A,-,Y,,,70,,,,,,,Y,4,0,1,2,A,-,09,21804,A,N,B,C,A,A,H,-,A,D,0,,,,,Y,,A,07,0,0,1,0,0,0,0,0,0,"- ","- ",39.809469999999997,-120.29613000000001,PLUMAS,UNINCORPORATED,-120.29612996,39.809465269999997
90305666,2016,2016-10-28,9165,2016-10-21,1806,018046,,5,2,9,3200,0,1,3,,2,051,SR-70,"DELLEKER DRIVE",0.00,,Y,A,-,Y,,,70,,,,,,,Y,4,0,1,2,A,-,09,21802,A,N,D,C,A,A,H,-,A,A,0,,,,,Y,,A,07,0,0,1,0,0,0,0,0,0,"- ","- ",39.807209999999998,-120.49911,PLUMAS,UNINCORPORATED,-120.49911332000001,39.807220149999999
90310355,2016,2016-11-03,9140,2016-10-31,1835,016732,,1,2,9,3200,0,1,3,,2,052,SR-147,SR-89,0.00,,Y,C,-,Y,,,,,,,,,,Y,4,0,1,1,A,-,12,22450,A,N,E,I,A,B,D,-,D,A,0,,,,,Y,,A,01,0,0,1,0,0,0,0,0,0,"- ","- ",,,PLUMAS,UNINCORPORATED,-121.08061996000001,40.171939899999998
90312078,2016,2016-11-07,9165,2016-10-27,1950,018243,,4,2,9,3200,0,3,5,,2,005,"LAKE DAVIS ROAD","BUTTERBRUSH ROAD",528.00,S,N,B,C,N,,,,,,,,,,Y,4,0,2,1,A,-,03,22350,,N,F,A,A,B,H,-,D,D,0,,,,,Y,,A,07,0,0,2,0,0,0,0,0,0,"- ","- ",39.866379999999999,-120.49423,PLUMAS,UNINCORPORATED,-120.49420705,39.866442079999999
90335077,2016,2017-03-13,9165,2016-11-13,0725,013862,,7,1,9,3200,0,1,3,,2,010,SR-70,"BARLOW RD.",221.00,E,N,E,-,Y,,,70,,,,,,,Y,1,2,2,1,A,-,08,22107,,N,E,I,A,A,H,-,A,D,0,,,,,Y,,D,22,2,0,0,0,0,0,0,0,0,"- ","- ",39.97522,-120.93737,PLUMAS,UNINCORPORATED,-120.93743130999999,39.97519819
90358939,2016,2017-01-02,9165,2016-12-23,2150,021091,,5,2,9,3200,0,3,5,,2,004,"GREENVILLE WOLF CREEK RD","ROUND VALLEY RD",217.00,N,N,B,-,N,,,,,,,,,,Y,2,0,1,1,A,-,01,23152,A,N,E,I,A,C,H,-,D,D,0,,,,,Y,Y,A,07,1,0,0,0,0,0,0,0,0,"- ","- ",40.137970000000003,-120.95461,PLUMAS,UNINCORPORATED,-120.95458746,40.137993889999997
90362446,2016,2017-02-13,9140,2016-12-28,1925,016732,,3,2,9,3200,0,1,3,,2,051,SR-36,SR-89,9504.00,W,N,A,-,Y,,,,,,,,,,Y,4,0,1,1,A,-,03,22350,,N,F,A,A,C,H,-,D,D,0,,,,,Y,,A,07,0,0,1,0,0,0,0,0,0,"- ","- ",,,PLUMAS,UNINCORPORATED,-121.27372142999999,40.260520239999998
90364818,2017,2017-02-10,9165,2017-01-02,2105,017447,,1,2,9,3200,0,3,5,,2,002,"BUCKS LAKE ROAD","SLATE CREEK ROAD",2112.00,E,N,B,D,N,,,,,,,,,,Y,4,0,1,2,A,-,01,23152,E,N,A,C,A,C,E,-,D,A,0,,,,,Y,,A,07,0,0,1,0,0,0,0,0,0,"- ","- ",39.944249999999997,-121.01169,PLUMAS,UNINCORPORATED,-121.01165414,39.944195950000001
90366544,2016,2017-01-11,9165,2016-12-30,0740,018622,,5,1,9,3200,0,3,5,,2,002,"BUCKS LAKE RD","RIVERDANCE RD",51.00,E,N,B,-,N,,,,,,,,,,Y,4,0,1,1,A,-,03,22350,,N,E,I,A,C,B,-,A,D,0,,,,,Y,,D,22,0,0,1,0,0,0,0,0,0,"- ","- ",39.944890000000001,-120.98832,PLUMAS,UNINCORPORATED,-120.98846842,39.944871749999997
90366665,2017,2017-01-11,9165,2017-01-03,2032,014395,,2,2,9,3200,0,1,3,,2,032,SR-70,"QUARRY RD.",1584.00,E,N,B,C,Y,,,70,,,,,,,Y,2,0,1,1,A,-,03,22350,,N,E,I,A,C,H,-,D,D,0,,,,,Y,,-,98,1,0,0,0,0,0,0,0,0,"- ","- ",40.031950000000002,-120.96145,PLUMAS,UNINCORPORATED,-120.96147118,40.031962829999998
90368453,2016,2017-01-12,9140,2016-12-31,1728,019971,,6,2,9,3200,0,3,5,,2,050,"CLIFFORD DRIVE","MARINA DRIVE",5280.00,W,N,A,-,N,,,,,,,,,,Y,2,0,3,2,A,-,03,22350,,N,D,C,A,C,H,-,D,D,0,,,,,Y,,D,22,1,0,2,0,0,0,0,0,0,"- ","- ",40.273200000000003,-121.14012,PLUMAS,UNINCORPORATED,-121.13154488000001,40.291360869999998
90374590,2017,2017-01-23,9165,2017-01-12,1815,020692,,4,2,9,3200,0,1,3,,2,051,SR-70,"HALLELUJAH TRAIL",355.00,W,N,B,-,Y,,,70,,,,,,,Y,4,0,1,2,A,-,08,22107,,N,B,C,A,C,E,-,D,D,0,,,,,Y,,A,01,0,0,1,0,0,0,0,0,0,"- ","- ",39.801389999999998,-120.51734999999999,PLUMAS,UNINCORPORATED,-120.51734478,39.801381499999998
90381323,2016,2017-01-30,9165,2016-12-24,1222,019392,,6,1,9,3200,0,1,3,,2,032,SR-70,"SPANISH CREEK BRIDGE",1056.00,E,N,B,-,Y,,,70,,,,,,,Y,1,1,4,2,A,-,03,22350,,N,A,C,A,C,B,E,A,D,0,,,,Y,Y,,A,07,1,1,2,0,0,0,0,0,0,"- ","- ",40.021810000000002,-120.96192000000001,PLUMAS,UNINCORPORATED,-120.96194087000001,40.021775679999998
90385955,2017,2017-02-06,9140,2017-01-25,1813,018847,,3,2,9,3200,0,1,3,,2,051,"SR-36 (MAIN STREET)","REYNOLDS STREET",152.00,E,N,B,D,Y,,,36,,,,,,,Y,4,0,1,2,A,-,03,22350,,N,C,C,A,C,H,-,C,D,0,,,,,Y,,D,22,0,0,1,0,0,0,0,0,0,"- ","- ",40.30603,-121.23231,PLUMAS,UNINCORPORATED,-121.2323043,40.306025470000002
90403318,2017,2017-03-01,9165,2017-02-27,0845,013862,,1,1,9,3200,0,1,3,,2,010,SR-70,"SNAKE LAKE RD.",528.00,W,N,A,-,Y,,,70,,,,,,,Y,4,0,1,1,A,-,03,22350,,N,E,I,A,C,H,-,A,D,0,,,,,Y,,A,07,0,0,1,0,0,0,0,0,0,"- ","- ",39.966810000000002,-120.94216,PLUMAS,UNINCORPORATED,-120.94210262999999,39.966759629999999
90406991,2017,2017-03-07,9165,2017-02-25,0810,018046,,6,1,9,3200,0,3,5,,2,002,"BUCKS LAKE ROAD","SLATE CREEK ROAD",2640.00,E,N,B,-,N,,,,,,,,,,Y,2,0,1,1,A,-,01,23152,A,N,E,I,A,C,B,-,A,D,0,,,,,Y,Y,D,22,1,0,0,0,0,0,0,0,0,"- ","- ",39.945979999999999,-121.00135,PLUMAS,UNINCORPORATED,-121.00935549,39.944191840000002
90411718,2017,2017-03-14,9165,2017-03-07,1610,019416,,2,2,9,3200,0,3,5,,2,004,"NORTH VALLEY ROAD","RESERVATION ROAD",2112.00,N,N,B,-,N,,,,,,,,,,Y,2,0,1,1,A,-,01,23152,A,N,E,I,A,A,H,-,A,D,0,,,,,Y,Y,A,07,1,0,0,0,0,0,0,0,0,"- ","- ",40.144370000000002,-120.90066,PLUMAS,UNINCORPORATED,-120.90066,40.144370000000002
90413190,2017,2017-03-15,9140,2017-03-04,1326,019971,,6,1,9,3200,0,1,3,,2,051,"STATE ROUTE 36","STATE ROUTE 147",11616.00,W,N,B,D,Y,,,36,,,,,,,Y,2,0,1,2,A,-,05,21650,,N,A,C,A,B,H,-,A,D,0,,,,Y,Y,,G,25,1,0,0,0,0,0,0,0,0,"- ","- ",40.315159999999999,-121.09336999999999,PLUMAS,UNINCORPORATED,-121.09336938,40.315166679999997
90423243,2017,2017-03-29,9165,2017-03-09,1413,018046,,4,2,9,3200,0,1,3,,2,020,SR-70,"CHANDLER ROAD EAST",3168.00,E,N,B,-,Y,,,70,,,,,,,Y,1,1,0,1,A,-,01,23152,G,N,E,I,A,A,H,-,A,D,0,,,,,Y,Y,A,07,0,0,0,0,0,0,0,0,0,"- ","- ",39.932679999999998,-120.85177,PLUMAS,UNINCORPORATED,-120.85177645,39.93262678
90435082,2017,2017-04-24,9165,2017-04-04,1250,014395,,2,1,9,3200,0,1,3,,2,030,SR-70,"GRIZZLY DOME TUNNEL (WEST END)",68.00,E,N,B,-,Y,,,70,,,,,,,Y,2,0,4,2,A,-,08,22107,,N,A,C,A,A,H,-,C,D,0,,,,Y,Y,,G,27,2,2,0,0,0,0,0,0,0,"- ","- ",39.869410000000002,-121.37334,PLUMAS,UNINCORPORATED,-121.37309930000001,39.86922852
90435219,2017,2017-04-17,9165,2017-04-06,2205,020546,,4,3,9,3200,0,1,3,,2,011,"SR-70 E/B (MAIN ST. 400 BLOCK)","HARBISON ST",92.00,W,N,C,-,Y,,,70,,,,,,E,Y,4,0,1,2,A,-,01,23152,A,N,C,E,A,B,H,-,C,D,0,,,,,Y,Y,A,01,0,0,1,0,0,0,0,0,0,"- ","- ",39.93674,-120.94728000000001,PLUMAS,UNINCORPORATED,-120.9472797,39.93672024
90440394,2017,2017-04-26,9165,2017-04-16,0100,013901,,7,3,9,3200,0,3,5,,2,005,"GRIZZLY ROAD",SR-70,2640.00,N,N,B,-,N,,,,,,,,,,Y,2,0,1,1,A,-,01,23152,A,N,E,I,A,A,H,-,D,D,0,,,,,Y,Y,A,01,1,0,0,0,0,0,0,0,0,"- ","- ",39.83164,-120.42371,PLUMAS,UNINCORPORATED,-120.42368049,39.831235169999999