CASE_ID,ACCIDENT_YEAR,PROC_DATE,JURIS,COLLISION_DATE,COLLISION_TIME,OFFICER_ID,REPORTING_DISTRICT,DAY_OF_WEEK,CHP_SHIFT,POPULATION,CNTY_CITY_LOC,SPECIAL_COND,BEAT_TYPE,CHP_BEAT_TYPE,CITY_DIVISION_LAPD,CHP_BEAT_CLASS,BEAT_NUMBER,PRIMARY_RD,SECONDARY_RD,DISTANCE,DIRECTION,INTERSECTION,WEATHER_1,WEATHER_2,STATE_HWY_IND,CALTRANS_COUNTY,CALTRANS_DISTRICT,STATE_ROUTE,ROUTE_SUFFIX,POSTMILE_PREFIX,POSTMILE,LOCATION_TYPE,RAMP_INTERSECTION,SIDE_OF_HWY,TOW_AWAY,COLLISION_SEVERITY,NUMBER_KILLED,NUMBER_INJURED,PARTY_COUNT,PRIMARY_COLL_FACTOR,PCF_CODE_OF_VIOL,PCF_VIOL_CATEGORY,PCF_VIOLATION,PCF_VIOL_SUBSECTION,HIT_AND_RUN,TYPE_OF_COLLISION,MVIW,PED_ACTION,ROAD_SURFACE,ROAD_COND_1,ROAD_COND_2,LIGHTING,CONTROL_DEVICE,CHP_ROAD_TYPE,PEDESTRIAN_ACCIDENT,BICYCLE_ACCIDENT,MOTORCYCLE_ACCIDENT,TRUCK_ACCIDENT,NOT_PRIVATE_PROPERTY,ALCOHOL_INVOLVED,STWD_VEHTYPE_AT_FAULT,CHP_VEHTYPE_AT_FAULT,COUNT_SEVERE_INJ,COUNT_VISIBLE_INJ,COUNT_COMPLAINT_PAIN,COUNT_PED_KILLED,COUNT_PED_INJURED,COUNT_BICYCLIST_KILLED,COUNT_BICYCLIST_INJURED,COUNT_MC_KILLED,COUNT_MC_INJURED,PRIMARY_RAMP,SECONDARY_RAMP,LATITUDE,LONGITUDE,COUNTY,CITY,POINT_X,POINT_Y
91017851,2019,2019-06-26,9165,2019-06-19,0158,019282,,3,3,9,3200,0,1,3,,2,031,SR-70,"26110 HWY 70.",1584.00,W,N,A,-,Y,,,70,,,,,,,Y,2,0,1,1,A,-,08,22107,,N,E,I,A,A,H,-,D,D,0,,,,,Y,,A,01,1,0,0,0,0,0,0,0,0,"- ","- ",40.017429351806641,-121.09580230712891,PLUMAS,UNINCORPORATED,-121.09580993652344,40.01739501953125
91021008,2019,2019-06-28,9140,2019-06-20,1320,018847,,4,1,9,3200,0,1,3,,2,051,SR-36,"COLD SPRINGS ROAD",6336.00,E,N,A,-,Y,,,36,,,,,,,Y,3,0,2,1,A,-,03,22350,,N,E,I,A,A,H,-,A,D,0,,,,,Y,,A,07,0,2,0,0,0,0,0,0,0,"- ","- ",40.262660980224609,-121.30645751953125,PLUMAS,UNINCORPORATED,-121.30644989013672,40.262561798095703
91021486,2019,2019-07-01,9165,2019-06-23,1236,019583,,7,1,9,3200,0,3,5,,2,005,"BECKWOURTH-TAYLORSVILLE RD","LAKE DAVIS RD",520.00,N,N,A,-,N,,,,,,,,,,N,2,0,2,2,A,-,03,22350,,N,C,A,A,A,H,-,A,D,0,,Y,,,Y,,L,04,1,1,0,0,0,0,2,0,0,"- ","- ",39.887298583984375,-120.47119903564453,PLUMAS,UNINCORPORATED,-120.47098541259766,39.887119293212891
91028184,2019,2019-07-10,9165,2019-07-06,2248,019583,,6,3,9,3200,0,1,3,,2,050,SR-89,"WASCO TRL",144.00,N,N,A,-,Y,,,89,,,,,,,N,4,0,1,2,A,-,01,23152,A,N,D,C,A,A,H,-,D,D,0,,,,,Y,Y,A,07,0,0,1,0,0,0,0,0,0,"- ","- ",39.769889831542969,-120.61979675292969,PLUMAS,UNINCORPORATED,-120.61976623535156,39.769893646240234
91032320,2019,2019-07-17,9140,2019-07-09,1525,021043,,2,2,9,3200,0,1,3,,2,051,"STATE ROUTE 36","MELISSA AVENUE",2112.00,E,N,A,-,Y,,,36,,,,,,,Y,3,0,2,2,A,-,09,21804,A,N,A,C,A,A,H,-,A,D,0,,,,,Y,,A,01,0,2,0,0,0,0,0,0,0,"- ","- ",40.313179016113281,-121.21343231201172,PLUMAS,UNINCORPORATED,-121.21343231201172,40.313266754150391
91039317,2019,2019-07-26,9285,2019-07-15,1430,017393,,1,2,9,3200,0,3,5,,1,008,"OLD LITTLE GRASS VALLEY RESVOIR ROAD","LITTLE GRASS VALLEY ROAD",1584.00,E,N,A,-,N,,,,,,,,,,Y,3,0,1,1,A,-,01,23152,A,N,E,J,A,A,H,-,A,D,0,,,,,Y,Y,A,07,0,1,0,0,0,0,0,0,0,"- ","- ",39.706691741943359,-120.96965789794922,PLUMAS,UNINCORPORATED,-120.96994781494141,39.706218719482422
91039684,2019,2019-07-26,9165,2019-07-20,1440,019416,,6,2,9,3200,0,1,3,,2,040,SR-89,"DAWN INSTITUTE ROAD",528.00,N,N,A,-,Y,,,89,,,,,,,Y,2,0,1,1,A,-,01,23152,A,N,E,I,A,A,H,-,A,D,0,,,,,Y,Y,D,22,1,0,0,0,0,0,0,0,0,"- ","- ",40.051528930664062,-120.97383117675781,PLUMAS,UNINCORPORATED,-120.97371673583984,40.051364898681641
91042745,2019,2020-03-12,9165,2019-07-08,1950,019781,,1,2,9,3200,0,1,3,,2,052,SR-70,SR-284,1584.00,E,N,A,-,Y,,,70,,,,,,,Y,2,0,3,3,A,-,01,23152,A,N,C,C,E,A,D,-,A,A,0,Y,,,,Y,Y,D,22,2,1,0,0,1,0,0,0,0,"- ","- ",39.797138214111328,-120.13407135009766,PLUMAS,UNINCORPORATED,-120.13407135009766,39.797130584716797
91043212,2019,2019-08-01,9140,2019-07-21,2148,018847,,7,2,9,3200,0,1,3,,2,052,SR-147,"DYER DRIVE",10032.00,S,N,A,-,Y,,,,,,,,,,Y,3,0,2,1,A,-,01,23152,A,N,F,A,A,A,H,-,D,D,0,,,,,Y,Y,D,22,0,2,0,0,0,0,0,0,0,"- ","- ",40.133819580078125,-121.04361724853516,PLUMAS,UNINCORPORATED,-121.07688140869141,40.227584838867188
91046828,2019,2019-08-07,9165,2019-08-01,1820,019558,,4,2,9,3200,0,1,3,,2,052,SR-70,"PROSPECT COURT",1614.00,W,N,A,-,Y,,,70,,,,,,,Y,3,0,1,2,A,-,03,22350,,N,C,C,A,A,D,-,A,A,0,,,,,Y,,A,01,0,1,0,0,0,0,0,0,0,"- ","- ",39.794391632080078,-120.12017059326172,PLUMAS,UNINCORPORATED,-120.12013244628906,39.794486999511719
91048065,2019,2019-08-08,9165,2019-08-05,0920,018859,,1,1,9,3200,0,1,3,,2,021,SR-70,"OLD MILL POND RD",441.00,W,N,A,-,Y,,,70,,,,,,,Y,4,0,1,1,C,-,18,,,N,H,H,A,A,H,-,A,D,0,,,,,Y,,-,"- ",0,0,1,0,0,0,0,0,0,"- ","- ",39.855381011962891,-120.685546875,PLUMAS,UNINCORPORATED,-120.68552398681641,39.855411529541016
91048963,2019,2019-08-09,9165,2019-08-02,1445,019416,,5,2,9,3200,0,3,5,,2,004,"NORTH VALLEY ROAD","HOLLAND DR",160.00,E,N,A,-,N,,,,,,,,,,Y,3,0,1,1,A,-,08,22107,,N,E,I,A,A,H,-,A,D,0,,,,,Y,,D,22,0,1,0,0,0,0,0,0,0,"- ","- ",40.148948669433594,-120.88240051269531,PLUMAS,UNINCORPORATED,-120.88279724121094,40.148895263671875
91050635,2019,2019-08-13,9165,2019-08-09,1817,017410,,5,2,9,3200,0,3,5,,2,001,"OAKLAND CAMP RD.","CHANDLER RD",4224.00,N,N,A,-,N,,,,,,,,,,Y,4,0,1,1,A,-,08,22107,,N,E,I,A,A,H,-,A,D,0,,,,,Y,,A,07,0,0,1,0,0,0,0,0,0,"- ","- ",39.975849151611328,-120.90582275390625,PLUMAS,UNINCORPORATED,-120.90745544433594,39.975315093994141
91052448,2019,2019-08-15,9165,2019-08-07,2220,018600,,3,3,9,3200,0,3,5,,2,005,"PORTOLA MCLEARS ROAD","MUNROE DR",620.00,E,N,A,-,N,,,,,,,,,,Y,3,0,1,1,A,-,01,23152,A,N,E,I,A,A,H,-,D,D,0,,,,,Y,Y,A,01,0,1,0,0,0,0,0,0,0,"- ","- ",39.796749114990234,-120.47711181640625,PLUMAS,UNINCORPORATED,-120.47708892822266,39.796749114990234
91053591,2019,2019-08-16,9165,2019-08-14,1034,018046,,3,1,9,3200,0,1,3,,2,052,"SR-70 E/B","MEADOW WAY",313.00,E,N,A,-,Y,,,70,,,,,,E,N,2,0,1,1,D,-,00,,,N,F,A,A,A,H,-,A,D,0,,Y,,,Y,,-,"- ",1,0,0,0,0,0,1,0,0,"- ","- ",39.814701080322266,-120.45744323730469,PLUMAS,UNINCORPORATED,-120.45743560791016,39.814693450927734
91057052,2019,2019-08-22,9165,2019-08-12,1310,019282,,1,1,9,3200,0,3,5,,2,002,"BUCKS LAKE ROAD","LAKESHORE RESORT",1056.00,W,N,A,-,N,,,,,,,,,,N,3,0,2,1,A,-,08,22107,,N,F,A,A,A,G,-,A,D,0,,,Y,,Y,,C,02,0,2,0,0,0,0,0,0,2,"- ","- ",39.878681182861328,-121.169677734375,PLUMAS,UNINCORPORATED,-121.169677734375,39.878700256347656
91057223,2019,2019-08-22,9165,2019-08-13,2220,021571,,2,3,9,3200,0,1,3,,2,032,SR-70,"OLD HIGHWAY RD (EAST JUNCTURE)",2640.00,W,N,A,-,Y,,,70,,,,,,,Y,3,0,1,1,A,-,01,23152,A,N,E,I,A,A,H,-,D,D,0,,,,,Y,Y,D,22,0,1,0,0,0,0,0,0,0,"- ","- ",39.997570037841797,-120.95556640625,PLUMAS,UNINCORPORATED,-120.95563507080078,39.997516632080078
91057320,2019,2019-08-22,9165,2019-08-19,1710,019282,,1,2,9,3200,0,1,3,,2,030,SR-70,"TOBIN BRIDGE",502.00,E,N,A,-,Y,,,70,,,,,,,Y,3,0,1,1,A,-,08,22107,,N,E,I,A,A,H,-,A,D,0,,,,,Y,,D,22,0,1,0,0,0,0,0,0,0,"- ","- ",39.93804931640625,-121.31537628173828,PLUMAS,UNINCORPORATED,-121.31534576416016,39.937992095947266
91059069,2019,2019-08-26,9165,2019-08-19,1613,018506,,1,2,9,3200,0,1,3,,2,052,SR-70,"DOTTA GUIDICI RD",5280.00,W,N,A,-,Y,,,70,,,,,,,Y,4,0,2,3,A,-,08,22107,,N,A,C,A,A,D,-,A,A,0,,,,,Y,,D,22,0,0,2,0,0,0,0,0,0,"- ","- ",39.809379577636719,-120.21192169189453,PLUMAS,UNINCORPORATED,-120.21192169189453,39.809436798095703
91067459,2019,2019-09-04,9140,2019-08-24,1930,021043,,6,2,9,3200,0,3,5,,2,050,"CHESTER WARNER VALLEY ROAD","USFS ROAD 29N97",1056.00,N,N,A,-,N,,,,,,,,,,Y,3,0,3,1,A,-,08,22107,,N,E,I,A,A,H,-,A,D,0,,,,,Y,,A,01,0,3,0,0,0,0,0,0,0,"- ","- ",40.345340728759766,-121.30667877197266,PLUMAS,UNINCORPORATED,-121.30751800537109,40.344791412353516
91067604,2019,2019-09-04,9140,2019-08-24,1535,021043,,6,2,9,3200,0,3,5,,2,050,"OSPREY LOOP","MAIDU DRIVE",0.00,,Y,A,-,N,,,,,,,,,,N,2,0,1,1,B,-,22,,,N,F,A,A,A,H,-,A,D,0,,,,,Y,,M,91,1,0,0,0,0,0,0,0,0,"- ","- ",40.234828948974609,-121.19435119628906,PLUMAS,UNINCORPORATED,-121.19550323486328,40.2347412109375
91067827,2019,2019-09-05,9165,2019-08-28,1300,018622,,3,1,9,3200,0,1,3,,2,052,SR-70,"PATTERSON ST",86.00,W,N,A,-,Y,,,70,,,,,,,Y,3,0,2,2,A,-,03,22350,,N,C,C,A,A,D,-,A,D,0,,,,Y,Y,,G,25,0,1,1,0,0,0,0,0,0,"- ","- ",39.797809600830078,-120.13976287841797,PLUMAS,UNINCORPORATED,-120.1397705078125,39.797702789306641
91069716,2019,2019-09-09,9165,2019-09-03,1952,019781,,2,2,9,3200,0,1,3,,2,052,SR-70,A-24,2640.00,W,N,A,-,Y,,,70,,,,,,,Y,4,0,1,1,C,-,18,,,N,H,H,A,A,H,-,D,D,0,,,,,Y,,-,"- ",0,0,1,0,0,0,0,0,0,"- ","- ",39.817218780517578,-120.33290100097656,PLUMAS,UNINCORPORATED,-120.33290100097656,39.817161560058594
91071882,2019,2019-09-11,9140,2019-09-03,1455,015598,,2,2,9,3200,0,1,3,,2,053,"STATE ROUTE 89","COUNTY ROAD 308",137.00,S,N,A,-,Y,,,89,,,,,,,Y,3,0,1,1,A,-,08,22107,,N,E,I,A,A,H,-,A,D,0,,,,,Y,,D,22,0,1,0,0,0,0,0,0,0,"- ","- ",40.225910186767578,-121.20693206787109,PLUMAS,UNINCORPORATED,-121.20675659179688,40.226245880126953
91072976,2019,2019-09-12,9165,2019-09-03,2137,019781,,2,2,9,3200,0,1,3,,2,052,SR-70,A-24,2112.00,W,N,A,-,Y,,,70,,,,,,,Y,2,0,2,1,A,-,01,23152,A,M,E,I,A,A,H,-,D,D,0,,,,,Y,Y,A,01,2,0,0,0,0,0,0,0,0,"- ","- ",39.817211151123047,-120.35128784179688,PLUMAS,UNINCORPORATED,-120.35128784179688,39.817234039306641
91074452,2019,2019-09-13,9165,2019-09-07,1512,018243,,6,2,9,3200,0,1,3,,2,051,SR-70,"MITCHELL LANE",1584.00,E,N,A,-,Y,,,70,,,,,,,Y,3,0,1,1,A,-,08,22107,,N,E,I,A,A,H,-,A,D,0,,,,,Y,,A,07,0,1,0,0,0,0,0,0,0,"- ","- ",39.800041198730469,-120.51963043212891,PLUMAS,UNINCORPORATED,-120.51960754394531,39.799999237060547
91083192,2019,2019-09-25,9165,2019-09-23,0730,019416,,1,1,9,3200,0,1,3,,2,031,SR-70,"26110 HWY 70 (PINE AIRE MOTEL)",167.00,W,N,A,-,Y,,,70,,,,,,,Y,3,0,1,1,A,-,08,22107,,N,E,I,A,A,H,-,A,D,0,,,,,Y,,A,01,0,1,0,0,0,0,0,0,0,"- ","- ",40.014808654785156,-121.09140014648438,PLUMAS,UNINCORPORATED,-121.09137725830078,40.014850616455078
91085751,2019,2019-09-27,9285,2019-09-23,1310,017393,,1,1,9,3200,0,2,4,,2,082,"LA PORTE ROAD","LEXINGTON HILL ROAD",3168.00,S,N,A,-,N,,,,,,,,,,Y,2,0,1,1,A,-,08,22107,,N,F,A,A,A,H,-,A,D,0,,,Y,,Y,,C,02,1,0,0,0,0,0,0,0,1,"- ","- ",39.6597900390625,-121.01526641845703,PLUMAS,UNINCORPORATED,-121.01521301269531,39.659767150878906
91090275,2019,2019-10-03,9165,2019-10-01,0900,015803,,2,1,9,3200,0,1,3,,2,052,SR-70,"PROSPECT RD",1056.00,E,N,A,-,Y,,,70,,,,,,,Y,3,0,1,1,C,-,18,,,N,E,I,A,A,D,-,A,D,0,,,,,Y,,-,"- ",0,1,0,0,0,0,0,0,0,"- ","- ",39.794700622558594,-120.12055969238281,PLUMAS,UNINCORPORATED,-120.12057495117188,39.794662475585938
91095867,2019,2019-10-14,9165,2019-10-05,1138,017447,,6,1,9,3200,0,3,5,,2,002,"OROVILLE-QUINCY HIGHWAY","GRUBBS COW CAMP",6864.00,W,N,A,-,Y,,,,,,,,,,N,3,0,1,1,A,-,03,22350,,N,F,A,A,A,B,-,A,D,0,,,Y,,Y,,C,02,0,1,0,0,0,0,0,0,1,"- ","- ",39.859508514404297,-121.24739074707031,PLUMAS,UNINCORPORATED,,
91096181,2019,2019-10-14,9165,2019-10-10,0710,014395,,4,1,9,3200,0,1,3,,2,032,SR-70,"BUTTERFLY VALLEY RD.",1056.00,W,N,A,-,Y,,,70,,,,,,,Y,3,0,1,1,A,-,08,22107,,N,E,I,A,A,H,-,B,D,0,,,,,Y,,A,01,0,1,0,0,0,0,0,0,0,"- ","- ",40.008548736572266,-120.96595001220703,PLUMAS,UNINCORPORATED,-120.96595764160156,40.008544921875
91096204,2019,2020-06-26,9165,2019-09-02,1201,014395,,1,1,9,3200,0,3,5,,2,002,"BUCKS LAKE RD.","16305 BUCKS LAKE RD.",21.00,W,N,A,-,N,,,,,,,,,,Y,1,1,0,2,A,-,08,22107,,N,E,I,A,A,H,-,A,D,0,,,,,Y,Y,D,22,0,0,0,0,0,0,0,0,0,"- ","- ",39.877708435058594,-121.17212677001953,PLUMAS,UNINCORPORATED,-121.17212677001953,39.877708435058594
91101494,2019,2019-10-21,9165,2019-10-14,1645,018622,,1,2,9,3200,0,1,3,,2,041,SR-89,SR-147,7392.00,S,N,A,-,Y,,,89,,,,,,,Y,3,0,1,1,A,-,08,22107,,N,E,I,A,A,H,-,A,D,0,,,,,Y,,A,07,0,1,0,0,0,0,0,0,0,"- ","- ",40.175960540771484,-121.05449676513672,PLUMAS,UNINCORPORATED,-121.05447387695312,40.175907135009766
91102589,2019,2019-10-22,9140,2019-10-14,2121,021238,,1,2,9,3200,0,1,3,,2,052,"STATE HIGHWAY 147","PLUMAS COUNTY ROAD A13",528.00,N,N,A,-,Y,,,,,,,,,,Y,3,0,1,2,A,-,08,22107,,N,D,C,A,A,H,-,D,D,0,,,,,Y,,A,01,0,1,0,0,0,0,0,0,0,"- ","- ",40.162601470947266,-121.51129913330078,PLUMAS,UNINCORPORATED,,
91107340,2019,2019-10-28,9165,2019-10-21,1225,018046,,1,1,9,3200,0,1,3,,2,040,SR-89,"DIXIE CANYON ROAD",1584.00,S,N,A,-,Y,,,89,,,,,,,Y,3,0,1,1,A,-,08,22107,,N,E,I,A,A,H,-,A,D,0,,,,,Y,,A,07,0,1,0,0,0,0,0,0,0,"- ","- ",40.074798583984375,-120.94185638427734,PLUMAS,UNINCORPORATED,-120.94187164306641,40.074844360351562
91107354,2019,2019-10-30,9165,2019-10-19,1750,019781,,6,2,9,3200,0,1,3,,2,052,SR-70,"GRIZZLY RD",300.00,E,N,A,-,Y,,,70,,,,,,,Y,3,0,1,1,A,-,01,23152,A,N,E,I,A,A,H,-,A,D,0,,,,,Y,Y,A,01,0,1,0,0,0,0,0,0,0,"- ","- ",39.824310302734375,-120.42005157470703,PLUMAS,UNINCORPORATED,-120.42005157470703,39.824317932128906
91109883,2019,2019-10-30,9165,2019-10-20,0010,019781,,7,3,9,3200,0,1,3,,2,053,SR-49,SR-70,5280.00,S,N,A,-,Y,,,49,,,,,,,Y,2,0,1,1,A,-,01,23152,A,M,E,I,A,A,H,-,D,D,0,,,,,Y,Y,D,22,1,0,0,0,0,0,0,0,0,"- ","- ",39.795150756835938,-120.17900848388672,PLUMAS,UNINCORPORATED,-120.17897033691406,39.795127868652344
91113913,2019,2019-11-05,9165,2019-10-30,1940,018046,,3,2,9,3200,0,1,3,,2,032,SR-70,"KEDDIE RESORT ROAD",1056.00,E,N,A,-,Y,,,70,,,,,,,Y,3,0,1,1,A,-,03,22350,,N,E,J,A,A,C,-,D,D,0,,,,,Y,,A,07,0,1,0,0,0,0,0,0,0,"- ","- ",40.008918762207031,-120.96611022949219,PLUMAS,UNINCORPORATED,-120.96614074707031,40.0089111328125
91116840,2019,2019-11-11,9165,2019-11-02,1325,021571,,6,1,9,3200,0,1,3,,2,040,SR-89,SR-70,1517.00,N,N,A,-,Y,,,89,,,,,,,Y,2,0,1,1,A,-,01,23152,A,N,E,I,A,A,H,-,A,D,0,,,,,Y,Y,A,01,1,0,0,0,0,0,0,0,0,"- ","- ",40.041530609130859,-120.97969055175781,PLUMAS,UNINCORPORATED,-120.97969055175781,40.04150390625
91121793,2019,2019-11-18,9165,2019-11-10,1135,019993,,7,1,9,3200,0,3,5,,2,002,"LA PORTE RD","LOST CABIN SPRING RD",6336.00,S,N,A,-,N,,,,,,,,,,Y,2,0,1,1,A,-,03,22350,,N,F,A,A,C,H,-,A,D,0,,,Y,,Y,,C,02,1,0,0,0,0,0,0,0,1,"- ","- ",39.859470367431641,-120.84976959228516,PLUMAS,UNINCORPORATED,-120.84980010986328,39.859470367431641
91127190,2019,2019-11-22,9165,2019-11-13,1100,018506,,3,1,9,3200,0,3,5,,2,002,"ORO-QUINCY HIGHWAY",23N73Y,1056.00,E,N,B,-,N,,,,,,,,,,N,4,0,1,1,A,-,03,22350,,N,F,A,A,A,H,-,A,D,0,,,Y,,Y,,C,02,0,0,1,0,0,0,0,0,1,"- ","- ",39.858711242675781,-121.27114868164062,PLUMAS,UNINCORPORATED,-121.27115631103516,39.858737945556641
91127380,2019,2019-11-22,9140,2019-11-12,2100,021043,,2,2,9,3200,0,1,3,,2,051,"STATE ROUTE 36","STATE ROUTE 147",5280.00,W,N,A,-,Y,,,36,,,,,,,Y,3,0,1,1,A,-,08,22107,,N,E,I,A,A,H,-,D,D,0,,,,,Y,Y,A,01,0,1,0,0,0,0,0,0,0,"- ","- ",40.314640045166016,-121.06581115722656,PLUMAS,UNINCORPORATED,-121.06581115722656,40.314655303955078
91138021,2019,2019-12-06,9140,2019-11-30,1440,021043,,6,2,9,3200,0,1,3,,2,051,"STATE ROUTE 36","USFS ROAD 29N17",3168.00,E,N,B,-,Y,,,36,,,,,,,Y,2,0,1,1,A,-,03,22350,,N,E,I,A,C,B,-,A,A,0,,,,,Y,,D,22,1,0,0,0,0,0,0,0,0,"- ","- ",40.260818481445312,-121.29003143310547,PLUMAS,UNINCORPORATED,-121.29009246826172,40.260509490966797
91141673,2019,2019-12-12,9165,2019-12-05,0350,021091,,4,3,9,3200,0,1,3,,2,010,SR-70,"BESKEEN LANE",65.00,E,N,B,-,Y,,,70,,,,,,,Y,3,0,1,1,A,-,01,23152,A,N,E,I,A,B,H,-,D,D,0,,,,,Y,Y,A,07,0,1,0,0,0,0,0,0,0,"- ","- ",39.945888519287109,-120.95680999755859,PLUMAS,UNINCORPORATED,-120.95679473876953,39.945899963378906
91143506,2019,2019-12-16,9165,2019-12-07,0755,018046,,6,1,9,3200,0,3,5,,2,001,"QUINCY JUNCTION ROAD","LEE ROAD",306.00,S,N,B,C,N,,,,,,,,,,Y,3,0,1,1,A,-,08,22107,,N,E,I,A,B,H,-,A,D,0,,,,,Y,,D,22,0,1,0,0,0,0,0,0,0,"- ","- ",39.944118499755859,-120.93092346191406,PLUMAS,UNINCORPORATED,-120.93099975585938,39.944049835205078
91144224,2019,2019-12-16,9165,2019-12-12,0653,014395,,4,1,9,3200,0,3,5,,2,004,"GREENVILLE WOLF CREEK RD.","WOLF CREEK RD.",0.00,,Y,B,-,N,,,,,,,,,,Y,2,0,3,1,A,-,03,22350,,N,E,I,A,B,B,-,B,D,0,,,,,Y,,A,01,1,1,1,0,0,0,0,0,0,"- ","- ",40.168441772460938,-120.96888732910156,PLUMAS,UNINCORPORATED,-120.96893799999999,40.168505000000003
91149750,2019,2019-12-23,9165,2019-12-14,0050,019558,,6,3,9,3200,0,3,5,,2,001,"PIONEER ROAD","FAIRGROUND RD",121.00,E,N,B,C,N,,,,,,,,,,Y,2,0,4,1,A,-,01,23152,A,N,E,I,A,B,H,-,C,D,0,,,,,Y,Y,D,22,1,2,1,0,0,0,0,0,0,"- ","- ",39.936359405517578,-120.91454315185547,PLUMAS,UNINCORPORATED,-120.91455078125,39.936305999755859
91150034,2019,2019-12-23,9165,2019-12-15,1400,019282,,7,2,9,3200,0,1,3,,2,032,SR-70,"QUARRY ROAD",3696.00,W,N,A,B,Y,,,70,,,,,,,Y,3,0,2,1,A,-,03,22350,,N,E,I,A,B,H,-,A,D,0,,,,,Y,,A,07,0,2,0,0,0,0,0,0,0,"- ","- ",40.0377197265625,-120.97289276123047,PLUMAS,UNINCORPORATED,-120.97288513183594,40.037708282470703
91156004,2019,2019-12-31,9165,2019-12-28,1720,018859,,6,2,9,3200,0,3,5,,2,002,"BUCKS LAKE RD","SNAKE LAKE RD",1584.00,W,N,A,-,N,,,,,,,,,,Y,3,0,1,1,A,-,01,23152,A,N,E,I,A,A,H,-,D,D,0,,,,,Y,Y,A,07,0,1,0,0,0,0,0,0,0,"- ","- ",39.947101593017578,-121.04279327392578,PLUMAS,UNINCORPORATED,-121.04236602783203,39.94757080078125
91157204,2019,2020-01-02,9140,2019-12-22,1720,021238,,7,2,9,3200,0,1,3,,2,053,"STATE ROUTE 89","PLUMAS COUNTY ROAD 305",200.00,N,N,B,D,Y,,,,,,,,,,Y,4,0,1,1,A,-,03,22350,,N,E,I,A,C,H,-,D,D,0,,,,,Y,,A,07,0,0,1,0,0,0,0,0,0,"- ","- ",40.122871398925781,-121.10067749023438,PLUMAS,UNINCORPORATED,,
91170910,2020,2020-01-23,9165,2020-01-17,1320,018046,,5,1,9,3200,0,1,3,,2,021,SR-70,"CAMP LAYMAN ROAD",1584.00,W,N,B,-,Y,,,70,,,,,,,Y,3,0,1,1,A,-,08,22107,,N,F,A,A,C,H,-,A,A,0,,,,,Y,,A,07,0,1,0,0,0,0,0,0,0,"- ","- ",39.838321685791016,-120.67642211914062,PLUMAS,UNINCORPORATED,-120.67639923095703,39.838348388671875
91182080,2020,2020-02-07,9165,2020-02-01,1608,018859,,6,2,9,3200,0,1,3,,2,031,SR-70,"TWAIN STORE ROAD",2640.00,E,N,A,-,Y,,,70,,,,,,,Y,3,0,1,1,A,-,03,22350,,N,F,A,A,A,H,-,A,D,0,,,Y,,Y,Y,C,02,0,1,0,0,0,0,0,0,1,"- ","- ",40.02362060546875,-121.06413269042969,PLUMAS,UNINCORPORATED,-121.06413269042969,40.023654937744141
91189834,2020,2020-02-20,9165,2020-02-12,1255,019282,,3,1,9,3200,0,1,3,,2,031,SR-70,"29362 HWY. 70",435.00,E,N,A,-,Y,,,70,,,,,,,Y,2,0,1,1,A,-,03,22350,,N,E,I,A,A,H,-,A,D,0,,,,Y,Y,,G,25,1,0,0,0,0,0,0,0,0,"- ","- ",40.019699096679688,-121.03073120117188,PLUMAS,UNINCORPORATED,-121.03076171875,40.019729614257812
91194530,2020,2020-02-27,9165,2020-02-20,1310,018622,,4,1,9,3200,0,1,3,,2,020,SR-70,"CHANDLER RD (EAST)",4224.00,E,N,A,-,Y,,,70,,,,,,,Y,3,0,2,1,A,-,08,22107,,N,E,I,A,A,H,-,A,D,0,,,,,Y,,A,07,0,2,0,0,0,0,0,0,0,"- ","- ",39.931869506835938,-120.84676361083984,PLUMAS,UNINCORPORATED,-120.84677124023438,39.931854248046875
91198265,2020,2020-02-28,9165,2020-02-20,1815,018859,,4,2,9,3200,0,1,3,,2,011,SR-70,"LA PORTE RD",2112.00,E,N,A,-,Y,,,70,,,,,,,Y,3,0,1,1,A,-,01,23152,A,N,E,I,A,A,H,-,D,D,0,,,,,Y,Y,D,22,0,1,0,0,0,0,0,0,0,"- ","- ",39.932830810546875,-120.87610626220703,PLUMAS,UNINCORPORATED,-120.87610626220703,39.932849884033203
91202086,2020,2020-03-05,9165,2020-02-29,0220,019993,,6,3,9,3200,0,1,3,,2,040,SR-89,"INDIAN FALLS ROAD",528.00,S,N,A,-,Y,,,89,,,,,,,Y,3,0,1,1,A,-,08,22107,,N,E,I,A,A,H,-,D,D,0,,,,,Y,,A,01,0,1,0,0,0,0,0,0,0,"- ","- ",40.054279327392578,-120.96456909179688,PLUMAS,UNINCORPORATED,-120.96456909179688,40.054275512695312